# valet_robot 용으로 변형한 메시
# 원본: Gazebo Fuel OpenRobotics/Prius Hybrid (CC0 1.0)
# tools/fit_car_mesh.py 로 생성 — 직접 편집하지 말 것
mtllib valet_car.mtl
v 2.250000 0.000000 0.632674
v 2.250000 0.000000 0.438874
v 2.212538 0.315407 0.439021
v 2.212538 0.316809 0.632674
v 1.707949 0.000000 0.832135
v 1.957402 0.000000 0.759467
v 1.939345 0.564540 0.746987
v 1.684386 0.624958 0.818367
v -2.078469 0.861024 0.811688
v -2.194282 0.803280 0.553129
v -2.250000 0.656075 0.552778
v -2.118770 0.622948 0.809897
v 0.142337 0.583564 1.220315
v 0.145643 0.485632 1.257711
v 0.187185 0.491283 1.245683
v 0.679822 0.558302 1.103045
v 0.705752 0.632795 1.054447
v 0.885598 0.555646 0.240000
v 0.152544 0.000000 0.240001
v 0.152544 0.814576 0.240001
v 0.885598 0.814576 0.240001
v 1.221279 0.000000 0.923270
v 1.202293 0.242770 0.919189
v 1.678631 0.669781 0.801309
v 1.707948 0.799320 0.674269
v 1.534504 0.799490 0.729818
v 1.707949 0.000000 0.253320
v 1.707948 0.555646 0.253320
v 2.214069 0.000000 0.287144
v 1.146057 0.685523 0.835409
v 1.172338 0.625790 0.912752
v 0.220255 0.241656 1.251150
v 0.152544 0.000000 1.285591
v 0.226799 0.000000 1.263887
v 1.030743 0.675632 0.896516
v 1.083593 0.613629 0.947040
v -0.132989 0.581314 1.247738
v -0.220322 0.580601 1.256436
v -0.381822 0.579281 1.272522
v -0.381822 0.474506 1.309495
v -0.381822 0.814576 0.240001
v -0.381822 0.000000 0.240001
v -0.381822 0.000000 1.340000
v -1.003273 0.585863 1.219845
v -1.023605 0.449854 1.272290
v -0.942507 0.585220 1.224995
v -1.654061 0.705111 1.050622
v -1.702685 0.791128 0.993588
v -2.066896 0.791128 1.025937
v -0.934116 0.000000 0.240001
v -0.934117 0.555645 0.240001
v -2.169491 0.633376 0.369480
v -1.653353 0.555423 0.280225
v -2.169490 0.000000 0.369480
v -2.093410 0.589820 1.048861
v -1.815651 0.501045 1.089709
v -1.705430 0.640239 1.063048
v -1.767654 0.861025 0.837078
v -0.981279 0.861025 0.793136
v -0.992701 0.791129 0.927101
v -0.381822 0.793227 0.871473
v -0.381822 0.861025 0.754109
v 0.152544 0.796355 0.826706
v 0.152544 0.861025 0.719318
v 0.776394 0.799482 0.780976
v 0.787760 0.861025 0.677962
v 1.221278 0.799490 0.766850
v 1.422960 0.861026 0.620109
v 1.236956 0.861026 0.642268
v 2.016933 0.666084 0.435380
v 2.028123 0.622171 0.656594
v -1.065448 0.707533 1.009308
v -0.999246 0.707853 1.003855
v -0.381822 0.703207 0.944214
v -0.098616 0.700277 0.922624
v 0.152544 0.697679 0.903478
v 0.578300 0.692350 0.870083
v 0.747811 0.690229 0.856787
v -2.083066 0.861025 0.534011
v -1.529204 0.861025 0.564452
v -1.635585 0.861025 0.457090
v -0.950619 0.861025 0.433546
v -0.381822 0.861025 0.436804
v 0.152544 0.861025 0.439865
v 0.922978 0.861025 0.444277
v 0.987091 0.861025 0.549827
v 1.811203 0.799320 0.430347
v 1.599776 0.861026 0.539028
v 1.674052 0.861026 0.418356
v 1.707948 0.861026 0.253320
v 2.008843 0.697830 0.275461
v 1.843191 0.799320 0.263625
v 0.577616 0.674827 0.928927
v 0.725604 0.659904 0.961151
v -1.023605 0.000000 1.289550
v -2.093409 0.000000 1.067180
v -1.815651 0.000000 1.108029
v -2.250000 0.000000 0.552778
v -2.118770 0.000000 0.809897
v -2.085436 0.820630 0.390821
v -0.934117 0.814576 0.240001
v 2.176608 0.314251 0.287144
v 1.089704 0.861025 0.616471
v -1.653324 0.820630 0.316350
v -1.338451 0.861025 0.635154
v -1.161087 0.861025 0.624680
v -1.017158 0.861025 0.543504
v -0.950619 0.555645 0.433546
v 0.922978 0.555646 0.444277
v 0.987091 0.555646 0.549827
v 1.089705 0.555646 0.616471
v 1.236956 0.555646 0.642268
v 1.422960 0.555646 0.620109
v 1.599776 0.555646 0.539028
v 1.674053 0.555646 0.418356
v -1.017158 0.555645 0.543504
v -1.161087 0.555645 0.624680
v -1.338451 0.555645 0.635154
v -1.529204 0.555645 0.564452
v -1.635585 0.555423 0.457090
v 0.885599 0.000000 0.240001
v -1.653417 0.000000 0.280448
v 0.700544 0.894174 0.889954
v 0.642907 0.909283 0.877956
v 0.637191 0.950000 0.913268
v 0.720040 0.928852 0.915834
v 0.680326 0.738099 0.877956
v 0.732414 0.753789 0.889954
v 0.762688 0.722905 0.914871
v 0.732414 0.753789 0.968662
v 0.700544 0.900413 0.957971
v 0.642907 0.916607 0.970762
v 0.680326 0.738099 0.985350
v 0.687266 0.701835 0.911953
v 0.703024 0.666992 0.845634
v 0.709965 0.630729 0.879632
v 0.785386 0.651798 0.882548
v 0.755112 0.682683 0.857632
v 1.189797 0.234798 0.924309
v 1.213330 0.000000 0.926336
v 1.151247 0.525127 0.925449
v 1.126611 0.599707 0.931341
v -1.001866 0.628467 1.144413
v -1.046669 0.680353 1.055979
v -1.221610 0.632044 1.154311
v -1.188727 0.513849 1.208552
v -1.159816 0.432050 1.236264
v -1.157602 0.000000 1.253261
v -1.165199 0.460669 1.233720
v -1.163777 0.468906 1.231060
v -1.272507 0.559080 1.172739
v -1.408666 0.664382 1.108420
v -1.485519 0.613551 1.113068
v -1.675966 0.647105 1.066059
v -0.232226 0.701660 0.932809
v 2.212538 -0.316809 0.632674
v 2.212538 -0.315407 0.439021
v 1.684386 -0.624958 0.818367
v 1.939345 -0.564540 0.746987
v -2.078469 -0.861024 0.811688
v -2.118770 -0.622948 0.809897
v -2.250000 -0.656075 0.552778
v -2.194282 -0.803280 0.553129
v 0.187185 -0.491283 1.245683
v 0.145643 -0.485632 1.257711
v 0.142337 -0.583564 1.220315
v 0.679822 -0.558302 1.103045
v 0.705752 -0.632795 1.054447
v 0.885598 -0.555646 0.240000
v 0.885598 -0.814576 0.240001
v 0.152544 -0.814576 0.240001
v 1.202293 -0.242770 0.919189
v 1.678631 -0.669781 0.801309
v 1.534504 -0.799490 0.729818
v 1.707948 -0.799320 0.674269
v 1.707948 -0.555646 0.253320
v 1.172338 -0.625790 0.912752
v 1.146057 -0.685523 0.835409
v 0.220255 -0.241656 1.251150
v 1.083593 -0.613629 0.947040
v 1.030743 -0.675632 0.896516
v -0.381822 -0.474506 1.309495
v -0.381822 -0.579281 1.272522
v -0.220322 -0.580601 1.256436
v -0.132989 -0.581314 1.247738
v -0.381822 -0.814576 0.240001
v -1.023605 -0.449854 1.272290
v -1.003273 -0.585863 1.219845
v -0.942507 -0.585220 1.224995
v -1.654061 -0.705111 1.050622
v -2.066896 -0.791128 1.025937
v -1.702685 -0.791128 0.993588
v -0.934117 -0.555645 0.240001
v -2.169491 -0.633376 0.369480
v -1.653353 -0.555423 0.280225
v -2.093410 -0.589820 1.048861
v -1.705430 -0.640239 1.063048
v -1.815651 -0.501045 1.089709
v -1.767654 -0.861025 0.837078
v -0.981279 -0.861025 0.793136
v -0.381822 -0.861025 0.754109
v -0.381822 -0.793227 0.871473
v -0.992701 -0.791129 0.927101
v 0.152544 -0.861025 0.719318
v 0.152544 -0.796355 0.826706
v 0.787760 -0.861025 0.677962
v 0.776394 -0.799482 0.780976
v 1.221278 -0.799490 0.766850
v 1.236956 -0.861026 0.642268
v 1.422960 -0.861026 0.620109
v 2.028123 -0.622171 0.656594
v 2.016933 -0.666084 0.435380
v -1.065448 -0.707533 1.009308
v -0.381822 -0.703207 0.944214
v -0.999246 -0.707853 1.003855
v -0.232226 -0.701660 0.932809
v 0.578300 -0.692350 0.870083
v 0.747811 -0.690229 0.856787
v -2.083066 -0.861025 0.534011
v -1.635585 -0.861025 0.457090
v -1.529204 -0.861025 0.564452
v -0.950619 -0.861025 0.433546
v -0.381822 -0.861025 0.436804
v 0.152544 -0.861025 0.439865
v 0.922978 -0.861025 0.444277
v 0.987091 -0.861025 0.549827
v 1.811203 -0.799320 0.430347
v 1.599776 -0.861026 0.539028
v 1.674052 -0.861026 0.418356
v 1.707948 -0.861026 0.253320
v 1.843191 -0.799320 0.263625
v 2.008843 -0.697830 0.275461
v 0.577616 -0.674827 0.928927
v 0.725604 -0.659904 0.961151
v -2.085436 -0.820630 0.390821
v -0.934117 -0.814576 0.240001
v 2.176608 -0.314251 0.287144
v 1.089704 -0.861025 0.616471
v -1.653324 -0.820630 0.316350
v -1.338451 -0.861025 0.635154
v -1.161087 -0.861025 0.624680
v -1.017158 -0.861025 0.543504
v -0.950619 -0.555645 0.433546
v 0.922978 -0.555646 0.444277
v 0.987091 -0.555646 0.549827
v 1.089705 -0.555646 0.616471
v 1.236956 -0.555646 0.642268
v 1.422960 -0.555646 0.620109
v 1.599776 -0.555646 0.539028
v 1.674053 -0.555646 0.418356
v -1.017158 -0.555645 0.543504
v -1.161087 -0.555645 0.624680
v -1.338451 -0.555645 0.635154
v -1.529204 -0.555645 0.564452
v -1.635585 -0.555423 0.457090
v 0.700544 -0.894174 0.889954
v 0.720040 -0.928852 0.915834
v 0.637191 -0.950000 0.913268
v 0.642907 -0.909283 0.877956
v 0.680326 -0.738099 0.877956
v 0.732414 -0.753789 0.889954
v 0.762688 -0.722905 0.914871
v 0.732414 -0.753789 0.968662
v 0.680326 -0.738099 0.985350
v 0.642907 -0.916607 0.970762
v 0.700544 -0.900413 0.957971
v 0.687266 -0.701835 0.911953
v 0.709965 -0.630729 0.879632
v 0.703024 -0.666992 0.845634
v 0.785386 -0.651798 0.882548
v 0.755112 -0.682683 0.857632
v 1.189797 -0.234798 0.924309
v 1.151247 -0.525127 0.925449
v 1.126611 -0.599707 0.931341
v -1.001866 -0.628467 1.144413
v -1.046669 -0.680353 1.055979
v -1.221610 -0.632044 1.154311
v -1.188727 -0.513849 1.208552
v -1.159816 -0.432050 1.236264
v -1.165199 -0.460669 1.233720
v -1.163777 -0.468906 1.231060
v -1.272507 -0.559080 1.172739
v -1.485519 -0.613551 1.113068
v -1.408666 -0.664382 1.108420
v -1.675966 -0.647105 1.066059
v -0.098616 -0.700277 0.922624
v 0.152544 -0.697679 0.903478
v -0.999246 0.707853 1.003855
v -0.999246 0.627159 0.975479
v -0.381822 0.622513 0.915838
v -0.381822 0.703207 0.944214
v -0.232226 0.620966 0.904434
v -0.232226 0.701660 0.932809
v 0.152544 0.697679 0.903478
v 0.152544 0.616985 0.875102
v 0.578300 0.574619 0.841708
v 0.578300 0.692350 0.870083
v -0.220322 0.580601 1.256436
v -0.220322 0.526876 1.217445
v -0.381822 0.525556 1.233530
v -0.381822 0.579281 1.272522
v 0.705752 0.632795 1.054447
v 0.705752 0.579071 1.015456
v 0.142337 0.529840 1.181324
v 0.142337 0.583564 1.220315
v -0.942507 0.531495 1.186003
v -0.942507 0.585220 1.224995
v -1.001866 0.549508 1.144413
v -1.001866 0.628467 1.144413
v -1.046669 0.601394 1.055979
v -1.046669 0.680353 1.055979
v -1.065448 0.707533 1.009308
v -1.065448 0.626840 0.980933
v 0.725604 0.659904 0.961151
v 0.725604 0.580945 0.961151
v 0.577616 0.674827 0.928927
v 0.577616 0.595868 0.928927
v -0.132989 0.527590 1.208746
v -0.132989 0.581314 1.247738
v -0.098616 0.700277 0.922624
v -0.098616 0.619584 0.894249
v -0.176656 0.452192 1.243627
v -0.381822 0.450515 1.264062
v 0.679932 0.554681 1.061410
v 0.167478 0.491283 1.202761
v -0.942507 0.456455 1.216536
v -0.176656 0.000000 1.292488
v -0.381822 0.000000 1.312923
v -0.942507 0.000000 1.265396
v 0.200549 0.241656 1.220183
v 0.220255 0.241656 1.251150
v 0.187185 0.491283 1.245683
v 0.226799 0.000000 1.263887
v 0.207092 0.000000 1.232920
v 0.679822 0.558302 1.103045
v 1.004588 0.558980 0.938530
v 1.083593 0.613629 0.947040
v 1.047607 0.545058 0.922831
v 1.126611 0.599707 0.931341
v 1.151247 0.525127 0.925449
v 0.628275 0.558980 0.839938
v -1.815651 0.000000 1.108029
v -1.781357 0.000000 1.037288
v -1.781357 0.501046 1.018968
v -1.815651 0.501045 1.089709
v -1.671137 0.640239 0.992308
v -1.705430 0.640239 1.063048
v -1.641673 0.647105 0.995319
v -1.675966 0.647105 1.066059
v -1.460359 0.613551 1.067826
v -1.485519 0.613551 1.113068
v -1.255359 0.559080 1.135772
v -1.272507 0.559080 1.172739
v -1.173268 0.513849 1.174144
v -1.188727 0.513849 1.208552
v -1.149216 0.468906 1.187832
v -1.163777 0.468906 1.231060
v -1.165199 0.460669 1.233720
v -1.150638 0.460669 1.190491
v -1.145256 0.432050 1.193035
v -1.159816 0.432050 1.236264
v -1.143042 0.000000 1.210032
v -1.157602 0.000000 1.253261
v -1.941113 0.000000 0.984140
v -1.941113 0.501046 0.965820
v -1.801428 0.647106 0.942171
v -2.031352 0.000000 0.710155
v -2.031352 0.501046 0.691836
v -1.891667 0.647106 0.668187
v -1.657459 0.000000 0.601736
v -1.653189 0.417101 0.583416
v -1.650664 0.647106 0.587251
v -1.263414 0.000000 0.580800
v -1.263414 0.399992 0.562480
v -1.443365 0.501046 0.669352
v -1.443365 0.647106 0.669352
v -1.206573 0.000000 0.704334
v -1.206573 0.501046 0.704335
v -1.206573 0.647106 0.704335
v -1.085877 0.501046 0.961374
v -1.085877 0.000000 0.961373
v -1.085877 0.598579 0.961374
v -0.982927 0.617119 0.957282
v -0.713501 0.638082 0.316728
v -0.381822 0.633436 0.316728
v -0.232225 0.631888 0.316728
v 0.152544 0.627907 0.316728
v 0.578300 0.577033 0.316728
v -0.098616 0.630506 0.316728
v 0.631774 0.558980 0.734304
v 0.730818 0.591867 0.316728
v -0.713501 0.000000 0.316728
v -0.381822 0.000000 0.316728
v -0.232225 0.000000 0.316728
v 0.152544 0.000000 0.316728
v 0.578300 0.000000 0.316728
v -0.098616 0.000000 0.316728
v 0.967184 0.000000 0.304594
v 0.790007 0.528719 0.938746
v 0.833025 0.475942 0.923047
v 0.868241 0.375066 0.917155
v 0.896210 0.234798 0.916015
v 1.189797 0.234798 0.924309
v 0.919743 0.000000 0.918042
v 1.213330 0.000000 0.926336
v 0.674792 0.545058 0.718604
v 0.671294 0.545058 0.824239
v 0.699428 0.478214 0.712713
v 0.695930 0.478214 0.818347
v 0.737978 0.234798 0.711573
v 0.734479 0.234798 0.817207
v 0.733502 0.169946 0.918164
v 0.853010 0.558980 0.617616
v 0.971297 0.545059 0.601917
v 1.037840 0.478214 0.596025
v 1.081645 0.234798 0.594885
v 1.087277 0.000000 0.596912
v 0.745543 0.000000 0.713600
v 0.851203 0.545059 0.309599
v 0.917747 0.478215 0.303707
v 0.961551 0.234798 0.302567
v 0.734566 0.000000 0.925325
v -1.035572 0.603915 0.874288
v -1.057787 0.000000 0.953715
v -1.057787 0.501046 0.953715
v -1.074072 0.553519 0.943352
v -0.957953 0.553519 0.929926
v -0.913452 0.619648 0.866075
v -1.066359 0.619648 0.870577
v -1.085756 0.349599 0.962015
v -0.969638 0.349599 0.948589
v -0.968338 0.501482 0.944665
v -1.084457 0.501482 0.958090
v -0.910246 0.394013 0.885491
v -0.909010 0.558106 0.881852
v -0.747834 0.179649 0.482712
v -0.409903 0.309894 0.537142
v -0.440864 0.562331 0.532403
v -0.747834 0.602047 0.482712
v -0.336060 0.309894 0.483089
v -0.324746 0.309894 0.400558
v -0.355708 0.572964 0.395819
v -0.367021 0.572964 0.478351
v -1.080697 0.103793 0.952073
v -0.964577 0.103793 0.938648
v -0.957953 0.142224 0.929926
v -1.074072 0.142224 0.943352
v -0.905088 0.132559 0.875113
v -0.898483 0.175289 0.866482
v -0.747834 0.000000 0.482712
v -0.409903 0.000000 0.537142
v -0.336060 0.000000 0.483089
v -0.324746 0.000000 0.400558
v -0.822150 0.000000 0.710520
v -0.816781 0.177469 0.703118
v -0.968338 0.197717 0.944665
v -1.084457 0.197717 0.958090
v -0.908882 0.229920 0.881280
v -1.084963 0.000000 0.958848
v -0.968844 0.000000 0.945422
v -0.909220 0.000000 0.881285
v -0.816852 0.584177 0.703434
v -0.415008 0.628368 0.390031
v -0.440864 0.628368 0.503682
v -0.756981 0.628368 0.472236
v -0.831672 0.624008 0.702366
v -0.998308 0.254102 1.112486
v -0.966310 0.228937 1.020711
v -0.966725 0.340544 1.025022
v -0.998308 0.340544 1.112486
v -1.032538 0.237235 1.123709
v -1.020456 0.202744 1.013202
v -1.032538 0.340544 1.123709
v -1.072266 0.237235 1.106455
v -1.075485 0.216366 0.990368
v -1.075902 0.340544 0.994699
v -1.072266 0.340544 1.106455
v -0.998308 0.426987 1.112486
v -0.966310 0.452152 1.020711
v -1.020456 0.478345 1.013202
v -1.032538 0.443854 1.123709
v -1.072266 0.443854 1.106455
v -1.075485 0.464723 0.990368
v -0.978097 0.235944 0.970284
v -0.978578 0.340544 0.975280
v -1.068360 0.224162 0.966373
v -1.018735 0.211396 0.959334
v -1.068842 0.340544 0.971389
v -0.978097 0.445145 0.970284
v -1.018735 0.469693 0.959334
v -1.068360 0.456927 0.966373
v -1.015527 0.340544 0.961751
v 0.217468 0.085072 0.305536
v 0.024605 0.168564 0.305536
v 0.217468 0.085072 0.565589
v 0.217468 0.000000 0.565589
v 0.624810 0.000000 0.530101
v 0.624810 0.085072 0.530101
v 0.624810 0.085072 0.305536
v -0.086009 0.000000 0.689105
v 0.160592 0.000000 0.689142
v 0.160592 0.085072 0.689142
v -0.086009 0.085072 0.689105
v 0.024605 0.000000 0.305536
v 0.159277 0.085072 0.662002
v 0.159277 0.000000 0.662002
v 0.189349 0.070814 0.665699
v 0.190191 0.070814 0.683052
v 0.190191 0.000000 0.683052
v 0.189349 0.000000 0.665699
v 1.081557 0.000000 0.530101
v 1.081557 0.085072 0.530101
v 1.002111 0.085072 0.305536
v 0.006618 0.269542 1.151156
v -0.034671 0.228937 1.018082
v -0.034671 0.340544 1.022410
v 0.006618 0.340544 1.151156
v -0.021214 0.205759 0.847144
v -0.017210 0.135350 0.871162
v 0.128966 0.098067 0.677176
v 0.069324 0.209652 0.625179
v -0.026407 0.255688 1.165050
v -0.088233 0.202744 1.018082
v -0.026407 0.340544 1.165050
v -0.034671 0.157005 0.947481
v -0.088233 0.139620 0.974592
v -0.032147 0.117390 0.871162
v 0.110219 0.073610 0.677176
v 0.124210 0.081755 0.584723
v 0.134760 0.106211 0.584723
v 0.079505 0.186732 0.480995
v 0.035957 0.155909 0.441772
v -0.013247 0.186159 0.362958
v 0.047771 0.107863 0.584723
v 0.041977 0.099719 0.677176
v -0.141793 0.117390 0.871162
v -0.141793 0.216366 1.018082
v -0.141793 0.340544 1.022430
v -0.144055 0.340544 0.897630
v -0.141793 0.156802 0.960602
v -0.067638 0.255688 1.151010
v 0.031312 0.340544 0.658443
v -0.020025 0.340544 0.821765
v 0.079505 0.267025 0.479868
v 0.079505 0.340544 0.478836
v -0.013247 0.266739 0.361830
v 0.511816 0.213333 0.416210
v 0.492066 0.148516 0.428535
v 0.201174 0.092136 0.522466
v 0.220654 0.108250 0.438830
v 0.381481 0.090779 0.465975
v 0.385588 0.076360 0.556411
v 0.199129 0.126220 0.537198
v 0.359238 0.105041 0.564075
v -0.013247 0.340544 0.360798
v 0.514475 0.340544 0.415139
v 0.461351 0.149090 0.541155
v 0.481101 0.213619 0.528829
v 0.539752 0.340544 0.470095
v 0.537092 0.213477 0.471166
v 0.503914 0.117574 0.509601
v -0.067638 0.340544 1.151010
v 0.483761 0.340544 0.527759
v 0.006618 0.411547 1.151156
v -0.034671 0.452152 1.018082
v -0.021214 0.475330 0.847144
v 0.069324 0.471437 0.625179
v 0.128966 0.583022 0.677176
v -0.017210 0.545739 0.871162
v -0.088233 0.478345 1.018082
v -0.026407 0.425402 1.165050
v -0.034671 0.524084 0.947481
v -0.032147 0.563699 0.871162
v -0.088233 0.541469 0.974592
v 0.110219 0.607479 0.677176
v 0.134760 0.574878 0.584723
v 0.124210 0.599334 0.584723
v 0.079505 0.494357 0.480995
v 0.035957 0.525180 0.441772
v -0.013247 0.494930 0.362958
v -0.141793 0.563699 0.871162
v 0.041977 0.581370 0.677176
v 0.047771 0.573226 0.584723
v -0.141793 0.464723 1.018082
v -0.141793 0.524287 0.960602
v -0.067638 0.425402 1.151010
v 0.079505 0.414064 0.479868
v -0.013247 0.414350 0.361830
v 0.492066 0.532573 0.428535
v 0.511816 0.467756 0.416210
v 0.201174 0.588953 0.522466
v 0.385588 0.604729 0.556411
v 0.381481 0.590310 0.465975
v 0.220654 0.572839 0.438830
v 0.199129 0.554869 0.537198
v 0.359238 0.576048 0.564075
v 0.481101 0.467470 0.528829
v 0.461351 0.531999 0.541155
v 0.537092 0.467612 0.471166
v 0.503914 0.563515 0.509601
v -0.999246 -0.707853 1.003855
v -0.381822 -0.703207 0.944214
v -0.381822 -0.622513 0.915838
v -0.999246 -0.627159 0.975479
v -0.232226 -0.701660 0.932809
v -0.232226 -0.620966 0.904434
v 0.152544 -0.697679 0.903478
v 0.578300 -0.692350 0.870083
v 0.578300 -0.574619 0.841708
v 0.152544 -0.616985 0.875102
v -0.220322 -0.580601 1.256436
v -0.381822 -0.579281 1.272522
v -0.381822 -0.525556 1.233530
v -0.220322 -0.526876 1.217445
v 0.705752 -0.632795 1.054447
v 0.142337 -0.583564 1.220315
v 0.142337 -0.529840 1.181324
v 0.705752 -0.579071 1.015456
v -0.942507 -0.585220 1.224995
v -0.942507 -0.531495 1.186003
v -1.001866 -0.628467 1.144413
v -1.001866 -0.549508 1.144413
v -1.046669 -0.680353 1.055979
v -1.046669 -0.601394 1.055979
v -1.065448 -0.707533 1.009308
v -1.065448 -0.626840 0.980933
v 0.725604 -0.659904 0.961151
v 0.725604 -0.580945 0.961151
v 0.577616 -0.674827 0.928927
v 0.577616 -0.595868 0.928927
v -0.132989 -0.581314 1.247738
v -0.132989 -0.527590 1.208746
v -0.098616 -0.700277 0.922624
v -0.098616 -0.619584 0.894249
v -0.381822 -0.450515 1.264062
v -0.176656 -0.452192 1.243627
v 0.167478 -0.491283 1.202761
v 0.679932 -0.554681 1.061410
v -0.942507 -0.456455 1.216536
v 0.200549 -0.241656 1.220183
v 0.220255 -0.241656 1.251150
v 0.187185 -0.491283 1.245683
v 0.679822 -0.558302 1.103045
v 1.083593 -0.613629 0.947040
v 1.004588 -0.558980 0.938530
v 1.126611 -0.599707 0.931341
v 1.047607 -0.545058 0.922831
v 1.151247 -0.525127 0.925449
v 0.628275 -0.558980 0.839938
v -1.815651 -0.501045 1.089709
v -1.781357 -0.501046 1.018968
v -1.705430 -0.640239 1.063048
v -1.671137 -0.640239 0.992308
v -1.675966 -0.647105 1.066059
v -1.641673 -0.647105 0.995319
v -1.485519 -0.613551 1.113068
v -1.460359 -0.613551 1.067826
v -1.272507 -0.559080 1.172739
v -1.255359 -0.559080 1.135772
v -1.188727 -0.513849 1.208552
v -1.173268 -0.513849 1.174144
v -1.163777 -0.468906 1.231060
v -1.149216 -0.468906 1.187832
v -1.165199 -0.460669 1.233720
v -1.159816 -0.432050 1.236264
v -1.145256 -0.432050 1.193035
v -1.150638 -0.460669 1.190491
v -1.941113 -0.501046 0.965820
v -1.801428 -0.647106 0.942171
v -2.031352 -0.501046 0.691836
v -1.891667 -0.647106 0.668187
v -1.653189 -0.417101 0.583416
v -1.650664 -0.647106 0.587251
v -1.263414 -0.399992 0.562480
v -1.443365 -0.647106 0.669352
v -1.443365 -0.501046 0.669352
v -1.206573 -0.501046 0.704335
v -1.206573 -0.647106 0.704335
v -1.085877 -0.501046 0.961374
v -1.085877 -0.598579 0.961374
v -0.381822 -0.633436 0.316728
v -0.713501 -0.638082 0.316728
v -0.982927 -0.617119 0.957282
v -0.232225 -0.631888 0.316728
v 0.578300 -0.577033 0.316728
v 0.152544 -0.627907 0.316728
v -0.098616 -0.630506 0.316728
v 0.631774 -0.558980 0.734304
v 0.730818 -0.591867 0.316728
v 0.833025 -0.475942 0.923047
v 0.790007 -0.528719 0.938746
v 0.868241 -0.375066 0.917155
v 1.189797 -0.234798 0.924309
v 0.896210 -0.234798 0.916015
v 0.671294 -0.545058 0.824239
v 0.674792 -0.545058 0.718604
v 0.695930 -0.478214 0.818347
v 0.699428 -0.478214 0.712713
v 0.734479 -0.234798 0.817207
v 0.737978 -0.234798 0.711573
v 0.733502 -0.169946 0.918164
v 0.971297 -0.545059 0.601917
v 0.853010 -0.558980 0.617616
v 1.037840 -0.478214 0.596025
v 1.081645 -0.234798 0.594885
v 0.851203 -0.545059 0.309599
v 0.917747 -0.478215 0.303707
v 0.961551 -0.234798 0.302567
v -1.035572 -0.603915 0.874288
v -1.057787 -0.501046 0.953715
v -1.074072 -0.553519 0.943352
v -1.066359 -0.619648 0.870577
v -0.913452 -0.619648 0.866075
v -0.957953 -0.553519 0.929926
v -1.085756 -0.349599 0.962015
v -1.084457 -0.501482 0.958090
v -0.968338 -0.501482 0.944665
v -0.969638 -0.349599 0.948589
v -0.909010 -0.558106 0.881852
v -0.910246 -0.394013 0.885491
v -0.747834 -0.179649 0.482712
v -0.747834 -0.602047 0.482712
v -0.440864 -0.562331 0.532403
v -0.409903 -0.309894 0.537142
v -0.336060 -0.309894 0.483089
v -0.367021 -0.572964 0.478351
v -0.355708 -0.572964 0.395819
v -0.324746 -0.309894 0.400558
v -1.080697 -0.103793 0.952073
v -1.074072 -0.142224 0.943352
v -0.957953 -0.142224 0.929926
v -0.964577 -0.103793 0.938648
v -0.898483 -0.175289 0.866482
v -0.905088 -0.132559 0.875113
v -0.816781 -0.177469 0.703118
v -1.084457 -0.197717 0.958090
v -0.968338 -0.197717 0.944665
v -0.908882 -0.229920 0.881280
v -0.816852 -0.584177 0.703434
v -0.440864 -0.628368 0.503682
v -0.415008 -0.628368 0.390031
v -0.756981 -0.628368 0.472236
v -0.831672 -0.624008 0.702366
v -0.998308 -0.254102 1.112486
v -0.998308 -0.340544 1.112486
v -0.966725 -0.340544 1.025022
v -0.966310 -0.228937 1.020711
v -1.020456 -0.202744 1.013202
v -1.032538 -0.237235 1.123709
v -1.032538 -0.340544 1.123709
v -1.072266 -0.237235 1.106455
v -1.075485 -0.216366 0.990368
v -1.075902 -0.340544 0.994699
v -1.072266 -0.340544 1.106455
v -0.998308 -0.426987 1.112486
v -0.966310 -0.452152 1.020711
v -1.032538 -0.443854 1.123709
v -1.020456 -0.478345 1.013202
v -1.072266 -0.443854 1.106455
v -1.075485 -0.464723 0.990368
v -0.978578 -0.340544 0.975280
v -0.978097 -0.235944 0.970284
v -1.018735 -0.211396 0.959334
v -1.068360 -0.224162 0.966373
v -1.068842 -0.340544 0.971389
v -0.978097 -0.445145 0.970284
v -1.018735 -0.469693 0.959334
v -1.068360 -0.456927 0.966373
v -1.015527 -0.340544 0.961751
v 0.217468 -0.085072 0.305536
v 0.217468 -0.085072 0.565589
v 0.024605 -0.168564 0.305536
v 0.624810 -0.085072 0.530101
v 0.624810 -0.085072 0.305536
v -0.086009 -0.085072 0.689105
v 0.160592 -0.085072 0.689142
v 0.159277 -0.085072 0.662002
v 0.189349 -0.070814 0.665699
v 0.190191 -0.070814 0.683052
v 1.081557 -0.085072 0.530101
v 1.002111 -0.085072 0.305536
v 0.006618 -0.269542 1.151156
v 0.006618 -0.340544 1.151156
v -0.034671 -0.340544 1.022410
v -0.034671 -0.228937 1.018082
v -0.021214 -0.205759 0.847144
v 0.069324 -0.209652 0.625179
v 0.128966 -0.098067 0.677176
v -0.017210 -0.135350 0.871162
v -0.088233 -0.202744 1.018082
v -0.026407 -0.255688 1.165050
v -0.026407 -0.340544 1.165050
v -0.034671 -0.157005 0.947481
v -0.032147 -0.117390 0.871162
v -0.088233 -0.139620 0.974592
v 0.110219 -0.073610 0.677176
v 0.134760 -0.106211 0.584723
v 0.124210 -0.081755 0.584723
v 0.079505 -0.186732 0.480995
v 0.035957 -0.155909 0.441772
v -0.013247 -0.186159 0.362958
v -0.141793 -0.117390 0.871162
v 0.041977 -0.099719 0.677176
v 0.047771 -0.107863 0.584723
v -0.144055 -0.340544 0.897630
v -0.141793 -0.340544 1.022430
v -0.141793 -0.216366 1.018082
v -0.141793 -0.156802 0.960602
v -0.067638 -0.255688 1.151010
v -0.020025 -0.340544 0.821765
v 0.031312 -0.340544 0.658443
v 0.079505 -0.340544 0.478836
v 0.079505 -0.267025 0.479868
v -0.013247 -0.266739 0.361830
v 0.492066 -0.148516 0.428535
v 0.511816 -0.213333 0.416210
v 0.201174 -0.092136 0.522466
v 0.385588 -0.076360 0.556411
v 0.381481 -0.090779 0.465975
v 0.220654 -0.108250 0.438830
v 0.199129 -0.126220 0.537198
v 0.359238 -0.105041 0.564075
v 0.514475 -0.340544 0.415139
v -0.013247 -0.340544 0.360798
v 0.481101 -0.213619 0.528829
v 0.461351 -0.149090 0.541155
v 0.537092 -0.213477 0.471166
v 0.539752 -0.340544 0.470095
v 0.503914 -0.117574 0.509601
v -0.067638 -0.340544 1.151010
v 0.483761 -0.340544 0.527759
v 0.006618 -0.411547 1.151156
v -0.034671 -0.452152 1.018082
v -0.021214 -0.475330 0.847144
v -0.017210 -0.545739 0.871162
v 0.128966 -0.583022 0.677176
v 0.069324 -0.471437 0.625179
v -0.026407 -0.425402 1.165050
v -0.088233 -0.478345 1.018082
v -0.034671 -0.524084 0.947481
v -0.088233 -0.541469 0.974592
v -0.032147 -0.563699 0.871162
v 0.110219 -0.607479 0.677176
v 0.124210 -0.599334 0.584723
v 0.134760 -0.574878 0.584723
v 0.079505 -0.494357 0.480995
v 0.035957 -0.525180 0.441772
v -0.013247 -0.494930 0.362958
v 0.047771 -0.573226 0.584723
v 0.041977 -0.581370 0.677176
v -0.141793 -0.563699 0.871162
v -0.141793 -0.464723 1.018082
v -0.141793 -0.524287 0.960602
v -0.067638 -0.425402 1.151010
v 0.079505 -0.414064 0.479868
v -0.013247 -0.414350 0.361830
v 0.511816 -0.467756 0.416210
v 0.492066 -0.532573 0.428535
v 0.201174 -0.588953 0.522466
v 0.220654 -0.572839 0.438830
v 0.381481 -0.590310 0.465975
v 0.385588 -0.604729 0.556411
v 0.199129 -0.554869 0.537198
v 0.359238 -0.576048 0.564075
v 0.461351 -0.531999 0.541155
v 0.481101 -0.467470 0.528829
v 0.537092 -0.467612 0.471166
v 0.503914 -0.563515 0.509601
v 0.604327 0.340305 0.950964
v 0.964489 0.340305 0.895059
v 0.901778 0.383325 0.885058
v 0.601600 0.383325 0.941707
v 0.825056 0.414467 0.859835
v 0.594150 0.414467 0.916415
v 0.781939 0.425866 0.833065
v 0.583973 0.425866 0.881865
v 0.752354 0.414467 0.803792
v 0.573797 0.414467 0.847315
v 0.744904 0.383325 0.778500
v 0.566346 0.383325 0.822023
v 0.742177 0.340305 0.769242
v 0.563620 0.340305 0.812765
v 0.601600 0.297284 0.941707
v 0.901778 0.297284 0.885058
v 0.594150 0.266143 0.916415
v 0.825056 0.266143 0.859835
v 0.583973 0.254744 0.881865
v 0.781939 0.254744 0.833065
v 0.573797 0.266143 0.847315
v 0.752354 0.266143 0.803792
v 0.566346 0.297284 0.822023
v 0.744904 0.297284 0.778500
v 0.826884 0.387968 0.317575
v 0.934483 0.387968 0.446528
v 0.934483 0.480311 0.446528
v 0.826884 0.480311 0.317575
v 0.841360 0.387968 0.307579
v 0.841360 0.480311 0.307579
v 0.948959 0.480311 0.436532
v 0.948959 0.387968 0.436532
v 0.870525 0.421522 0.348728
v 0.870525 0.446758 0.348728
v 0.930957 0.446758 0.306999
v 0.930957 0.421522 0.306999
v 0.913235 0.446758 0.399914
v 0.973668 0.446758 0.358185
v 0.913235 0.421522 0.399914
v 0.973668 0.421522 0.358185
v 0.826884 0.220206 0.317575
v 0.934483 0.220206 0.446528
v 0.934483 0.312549 0.446528
v 0.826884 0.312549 0.317575
v 0.841360 0.220206 0.307579
v 0.841360 0.312549 0.307579
v 0.948959 0.312549 0.436532
v 0.948959 0.220206 0.436532
v 0.870525 0.253759 0.348728
v 0.870525 0.278996 0.348728
v 0.930957 0.278996 0.306999
v 0.930957 0.253759 0.306999
v 0.913235 0.278996 0.399914
v 0.973668 0.278996 0.358185
v 0.913235 0.253759 0.399914
v 0.973668 0.253759 0.358185
v 0.577616 0.674827 0.928927
v 0.142337 0.583564 1.220315
v 0.705752 0.632795 1.054447
v -0.381822 0.703207 0.944214
v -0.381822 0.579281 1.272522
v -0.220322 0.580601 1.256436
v -0.232226 0.701660 0.932809
v -1.065448 0.707533 1.009308
v -1.046669 0.680353 1.055979
v -1.001866 0.628467 1.144413
v -0.942507 0.585220 1.224995
v -0.999246 0.707853 1.003855
v -0.098616 0.700277 0.922624
v -0.132989 0.581314 1.247738
v 0.152544 0.697679 0.903478
v 0.725604 0.659904 0.961151
v 0.578300 0.692350 0.870083
v 1.189797 0.234798 0.924309
v 1.121086 0.237910 0.952900
v 1.144827 0.000000 0.952873
v -1.163777 0.468906 1.231060
v -1.188727 0.513849 1.208552
v -1.272507 0.559080 1.172739
v -1.485519 0.613551 1.113068
v -1.675966 0.647105 1.066059
v -1.705430 0.640239 1.063048
v -1.815651 0.501045 1.089709
v -1.165199 0.460669 1.233720
v 0.220255 0.241656 1.251150
v 0.686365 0.000000 1.130477
v 0.684518 0.272437 1.122247
v -1.157602 0.000000 1.253261
v -1.159816 0.432050 1.236264
v -1.815651 0.000000 1.108029
v 0.679822 0.558302 1.103045
v 0.187185 0.491283 1.245683
v 0.226799 0.000000 1.263887
v 1.213330 0.000000 0.926336
v 1.151247 0.525127 0.925449
v 1.083593 0.613629 0.947040
v 1.126611 0.599707 0.931341
v 0.577616 -0.674827 0.928927
v 0.705752 -0.632795 1.054447
v 0.142337 -0.583564 1.220315
v -0.381822 -0.703207 0.944214
v -0.232226 -0.701660 0.932809
v -0.220322 -0.580601 1.256436
v -0.381822 -0.579281 1.272522
v -1.001866 -0.628467 1.144413
v -1.046669 -0.680353 1.055979
v -1.065448 -0.707533 1.009308
v -0.942507 -0.585220 1.224995
v -0.999246 -0.707853 1.003855
v -0.132989 -0.581314 1.247738
v -0.098616 -0.700277 0.922624
v 0.152544 -0.697679 0.903478
v 0.725604 -0.659904 0.961151
v 0.578300 -0.692350 0.870083
v 1.189797 -0.234798 0.924309
v 1.121086 -0.237910 0.952900
v -1.815651 -0.501045 1.089709
v -1.705430 -0.640239 1.063048
v -1.675966 -0.647105 1.066059
v -1.485519 -0.613551 1.113068
v -1.272507 -0.559080 1.172739
v -1.188727 -0.513849 1.208552
v -1.163777 -0.468906 1.231060
v -1.165199 -0.460669 1.233720
v 0.220255 -0.241656 1.251150
v 0.684518 -0.272437 1.122247
v -1.159816 -0.432050 1.236264
v 0.679822 -0.558302 1.103045
v 0.187185 -0.491283 1.245683
v 1.151247 -0.525127 0.925449
v 1.083593 -0.613629 0.947040
v 1.126611 -0.599707 0.931341
vt 0.419300 0.084500
vt 0.419300 0.040600
vt 0.348300 0.046600
vt 0.355400 0.089100
vt 0.419300 0.175900
vt 0.419300 0.135600
vt 0.304200 0.133900
vt 0.287000 0.172700
vt 0.655700 0.056400
vt 0.670200 0.125200
vt 0.705900 0.125800
vt 0.712600 0.057600
vt 0.290600 0.499500
vt 0.313100 0.500100
vt 0.311700 0.490800
vt 0.294400 0.379700
vt 0.274700 0.371200
vt 0.508100 0.656000
vt 0.638900 0.489000
vt 0.447100 0.489000
vt 0.447100 0.656000
vt 0.419300 0.255300
vt 0.364800 0.257600
vt 0.277500 0.169900
vt 0.244200 0.147700
vt 0.239000 0.178100
vt 0.638900 0.816900
vt 0.508100 0.816900
vt 0.638900 0.903300
vt 0.252500 0.259100
vt 0.278900 0.261200
vt 0.366100 0.483900
vt 0.419300 0.499700
vt 0.419300 0.483100
vt 0.258500 0.290100
vt 0.281700 0.282500
vt 0.291100 0.558300
vt 0.291300 0.576900
vt 0.291600 0.611400
vt 0.315200 0.612000
vt 0.447100 0.367300
vt 0.638900 0.367300
vt 0.419300 0.613100
vt 0.281800 0.747200
vt 0.315900 0.751000
vt 0.282800 0.734000
vt 0.244100 0.884400
vt 0.217400 0.895800
vt 0.226700 0.964600
vt 0.638900 0.241400
vt 0.508100 0.241400
vt 0.489800 0.002000
vt 0.508100 0.097000
vt 0.638900 0.002000
vt 0.276200 0.966900
vt 0.297500 0.913600
vt 0.261100 0.893700
vt 0.167900 0.968700
vt 0.172200 0.909900
vt 0.152300 0.747900
vt 0.191700 0.749500
vt 0.179800 0.606300
vt 0.145800 0.604400
vt 0.180900 0.482000
vt 0.149300 0.477800
vt 0.197400 0.335500
vt 0.167400 0.325300
vt 0.225200 0.232600
vt 0.201300 0.179700
vt 0.191200 0.216100
vt 0.266800 0.069300
vt 0.293000 0.112000
vt 0.222900 0.765100
vt 0.220100 0.749400
vt 0.207600 0.607200
vt 0.209500 0.542600
vt 0.211100 0.485400
vt 0.223300 0.388200
vt 0.228200 0.349500
vt 0.095100 0.972800
vt 0.100200 0.998000
vt 0.097500 0.868400
vt 0.070400 0.889900
vt 0.056100 0.738400
vt 0.062000 0.598700
vt 0.075300 0.467500
vt 0.111900 0.279000
vt 0.145500 0.268800
vt 0.224200 0.090100
vt 0.204300 0.138200
vt 0.197600 0.102700
vt 0.180400 0.060200
vt 0.245600 0.034000
vt 0.208000 0.048400
vt 0.237800 0.392000
vt 0.252800 0.360900
vt 0.419300 0.752100
vt 0.419300 0.967200
vt 0.419300 0.915200
vt 0.859300 0.125800
vt 0.859300 0.057400
vt 0.672600 0.002600
vt 0.720400 0.002100
vt 0.709900 0.173700
vt 0.661900 0.170800
vt 0.859300 0.174000
vt 0.859300 0.002000
vt 0.002000 0.732400
vt 0.007000 0.595100
vt 0.018900 0.459800
vt 0.053000 0.277600
vt 0.340500 0.009300
vt 0.419300 0.002000
vt 0.172000 0.248700
vt 0.056300 0.976400
vt 0.032000 0.895700
vt 0.114000 0.831200
vt 0.108400 0.792300
vt 0.085600 0.756500
vt 0.805500 0.190900
vt 0.744600 0.190900
vt 0.744600 0.239500
vt 0.816500 0.239500
vt 0.727600 0.427600
vt 0.655800 0.427600
vt 0.655800 0.479500
vt 0.716700 0.479500
vt 0.727600 0.397400
vt 0.655800 0.397400
vt 0.727600 0.368700
vt 0.655700 0.368700
vt 0.727600 0.334500
vt 0.655700 0.334500
vt 0.727600 0.301600
vt 0.655700 0.301600
vt 0.727600 0.265400
vt 0.655700 0.265400
vt 0.727600 0.190900
vt 0.655700 0.190900
vt 0.655700 0.232600
vt 0.727600 0.232600
vt 0.744600 0.270900
vt 0.816400 0.271000
vt 0.744600 0.309500
vt 0.816400 0.309500
vt 0.744600 0.345700
vt 0.816400 0.345700
vt 0.744600 0.384200
vt 0.816400 0.384200
vt 0.816400 0.417100
vt 0.744500 0.417100
vt 0.744500 0.461500
vt 0.806900 0.452500
vt 0.638900 0.656000
vt 0.447100 0.241400
vt 0.450700 0.840000
vt 0.474600 0.868300
vt 0.436200 0.816900
vt 0.564900 0.897000
vt 0.638900 0.096900
vt 0.660900 0.880600
vt 0.705300 0.880500
vt 0.733400 0.863400
vt 0.753500 0.830500
vt 0.753300 0.794400
vt 0.735300 0.760300
vt 0.708900 0.743200
vt 0.660800 0.736100
vt 0.663800 0.663100
vt 0.714800 0.653500
vt 0.740900 0.638400
vt 0.757100 0.614600
vt 0.762900 0.581000
vt 0.756700 0.548700
vt 0.735700 0.519100
vt 0.663800 0.502200
vt 0.705200 0.507100
vt 0.444900 0.015500
vt 0.445100 0.095000
vt 0.457600 0.909300
vt 0.451500 0.898700
vt 0.440400 0.907400
vt 0.452300 0.914000
vt 0.493100 0.904400
vt 0.488400 0.919400
vt 0.492300 0.933500
vt 0.476200 0.941900
vt 0.450300 0.922600
vt 0.438300 0.924200
vt 0.469600 0.954800
vt 0.679900 0.702800
vt 0.688600 0.721200
vt 0.731500 0.717500
vt 0.739400 0.703100
vt 0.492800 0.954900
vt 0.688600 0.694300
vt 0.729800 0.694300
vt 0.671100 0.686100
vt 0.662400 0.694600
vt 0.514700 0.955700
vt 0.515400 0.935300
vt 0.510500 0.923200
vt 0.515000 0.909000
vt 0.366600 0.260600
vt 0.419300 0.257200
vt 0.301500 0.267100
vt 0.284800 0.272300
vt 0.260300 0.748000
vt 0.235900 0.760000
vt 0.267200 0.800400
vt 0.297900 0.791500
vt 0.319000 0.784200
vt 0.419300 0.784700
vt 0.312000 0.785400
vt 0.309900 0.785100
vt 0.285500 0.810900
vt 0.257000 0.837600
vt 0.269900 0.851700
vt 0.259500 0.888200
vt 0.208600 0.573100
vt 0.419300 0.084500
vt 0.355400 0.089100
vt 0.348300 0.046600
vt 0.419300 0.040600
vt 0.419300 0.175900
vt 0.287000 0.172700
vt 0.304200 0.133900
vt 0.419300 0.135600
vt 0.655700 0.056400
vt 0.712600 0.057600
vt 0.705900 0.125800
vt 0.670200 0.125200
vt 0.311700 0.490800
vt 0.313100 0.500100
vt 0.290600 0.499500
vt 0.294400 0.379700
vt 0.274700 0.371200
vt 0.508100 0.656000
vt 0.447100 0.656000
vt 0.447100 0.489000
vt 0.638900 0.489000
vt 0.419300 0.255300
vt 0.364800 0.257600
vt 0.277500 0.169900
vt 0.239000 0.178100
vt 0.244200 0.147700
vt 0.638900 0.816900
vt 0.638900 0.903300
vt 0.508100 0.816900
vt 0.278900 0.261200
vt 0.252500 0.259100
vt 0.366100 0.483900
vt 0.419300 0.483100
vt 0.419300 0.499700
vt 0.281700 0.282500
vt 0.258500 0.290100
vt 0.315200 0.612000
vt 0.291600 0.611400
vt 0.291300 0.576900
vt 0.291100 0.558300
vt 0.447100 0.367300
vt 0.638900 0.367300
vt 0.419300 0.613100
vt 0.315900 0.751000
vt 0.281800 0.747200
vt 0.282800 0.734000
vt 0.244100 0.884400
vt 0.226700 0.964600
vt 0.217400 0.895800
vt 0.638900 0.241400
vt 0.508100 0.241400
vt 0.489800 0.002000
vt 0.638900 0.002000
vt 0.508100 0.097000
vt 0.276200 0.966900
vt 0.261100 0.893700
vt 0.297500 0.913600
vt 0.167900 0.968700
vt 0.172200 0.909900
vt 0.152300 0.747900
vt 0.145800 0.604400
vt 0.179800 0.606300
vt 0.191700 0.749500
vt 0.149300 0.477800
vt 0.180900 0.482000
vt 0.167400 0.325300
vt 0.197400 0.335500
vt 0.225200 0.232600
vt 0.191200 0.216100
vt 0.201300 0.179700
vt 0.293000 0.112000
vt 0.266800 0.069300
vt 0.222900 0.765100
vt 0.207600 0.607200
vt 0.220100 0.749400
vt 0.208600 0.573100
vt 0.223300 0.388200
vt 0.228200 0.349500
vt 0.100200 0.998000
vt 0.095100 0.972800
vt 0.070400 0.889900
vt 0.097500 0.868400
vt 0.056100 0.738400
vt 0.062000 0.598700
vt 0.075300 0.467500
vt 0.111900 0.279000
vt 0.145500 0.268800
vt 0.224200 0.090100
vt 0.204300 0.138200
vt 0.197600 0.102700
vt 0.180400 0.060200
vt 0.208000 0.048400
vt 0.245600 0.034000
vt 0.237800 0.392000
vt 0.252800 0.360900
vt 0.419300 0.752100
vt 0.419300 0.915200
vt 0.419300 0.967200
vt 0.859300 0.125800
vt 0.859300 0.057400
vt 0.672600 0.002600
vt 0.720400 0.002100
vt 0.709900 0.173700
vt 0.661900 0.170800
vt 0.859300 0.174000
vt 0.859300 0.002000
vt 0.002000 0.732400
vt 0.007000 0.595100
vt 0.018900 0.459800
vt 0.053000 0.277600
vt 0.340500 0.009300
vt 0.419300 0.002000
vt 0.172000 0.248700
vt 0.056300 0.976400
vt 0.032000 0.895700
vt 0.114000 0.831200
vt 0.108400 0.792300
vt 0.085600 0.756500
vt 0.805500 0.190900
vt 0.816500 0.239500
vt 0.744600 0.239500
vt 0.744600 0.190900
vt 0.727600 0.427600
vt 0.716700 0.479500
vt 0.655800 0.479500
vt 0.655800 0.427600
vt 0.727600 0.397400
vt 0.655800 0.397400
vt 0.727600 0.368700
vt 0.655700 0.368700
vt 0.727600 0.334500
vt 0.655700 0.334500
vt 0.727600 0.301600
vt 0.655700 0.301600
vt 0.727600 0.265400
vt 0.655700 0.265400
vt 0.727600 0.190900
vt 0.727600 0.232600
vt 0.655700 0.232600
vt 0.655700 0.190900
vt 0.816400 0.271000
vt 0.744600 0.270900
vt 0.816400 0.309500
vt 0.744600 0.309500
vt 0.816400 0.345700
vt 0.744600 0.345700
vt 0.816400 0.384200
vt 0.744600 0.384200
vt 0.816400 0.417100
vt 0.806900 0.452500
vt 0.744500 0.461500
vt 0.744500 0.417100
vt 0.638900 0.656000
vt 0.447100 0.241400
vt 0.450700 0.840000
vt 0.436200 0.816900
vt 0.474600 0.868300
vt 0.564900 0.897000
vt 0.638900 0.096900
vt 0.708900 0.743200
vt 0.735300 0.760300
vt 0.753300 0.794400
vt 0.753500 0.830500
vt 0.733400 0.863400
vt 0.705300 0.880500
vt 0.660900 0.880600
vt 0.660800 0.736100
vt 0.735700 0.519100
vt 0.756700 0.548700
vt 0.762900 0.581000
vt 0.757100 0.614600
vt 0.740900 0.638400
vt 0.714800 0.653500
vt 0.663800 0.663100
vt 0.663800 0.502200
vt 0.705200 0.507100
vt 0.444900 0.015500
vt 0.445100 0.095000
vt 0.457600 0.909300
vt 0.452300 0.914000
vt 0.440400 0.907400
vt 0.451500 0.898700
vt 0.493100 0.904400
vt 0.488400 0.919400
vt 0.492300 0.933500
vt 0.476200 0.941900
vt 0.469600 0.954800
vt 0.438300 0.924200
vt 0.450300 0.922600
vt 0.679900 0.702800
vt 0.739400 0.703100
vt 0.731500 0.717500
vt 0.688600 0.721200
vt 0.492800 0.954900
vt 0.688600 0.694300
vt 0.729800 0.694300
vt 0.662400 0.694600
vt 0.671100 0.686100
vt 0.515400 0.935300
vt 0.514700 0.955700
vt 0.510500 0.923200
vt 0.515000 0.909000
vt 0.419300 0.257200
vt 0.366600 0.260600
vt 0.301500 0.267100
vt 0.284800 0.272300
vt 0.260300 0.748000
vt 0.235900 0.760000
vt 0.267200 0.800400
vt 0.297900 0.791500
vt 0.419300 0.784700
vt 0.319000 0.784200
vt 0.312000 0.785400
vt 0.309900 0.785100
vt 0.285500 0.810900
vt 0.269900 0.851700
vt 0.257000 0.837600
vt 0.259500 0.888200
vt 0.209500 0.542600
vt 0.211100 0.485400
vt 0.031900 0.242800
vt 0.029000 0.219100
vt 0.210900 0.194600
vt 0.212900 0.215200
vt 0.253800 0.193300
vt 0.241000 0.213600
vt 0.362200 0.203400
vt 0.362600 0.181700
vt 0.489000 0.171900
vt 0.485200 0.202300
vt 0.169800 0.590400
vt 0.150600 0.592500
vt 0.148600 0.543200
vt 0.167900 0.542600
vt 0.213600 0.831300
vt 0.200000 0.838400
vt 0.151700 0.703100
vt 0.168600 0.699000
vt 0.149000 0.376100
vt 0.165200 0.380900
vt 0.158800 0.355000
vt 0.175400 0.360300
vt 0.183900 0.336500
vt 0.197100 0.347500
vt 0.012900 0.246200
vt 0.009600 0.223000
vt 0.203100 0.326600
vt 0.209800 0.343300
vt 0.532300 0.198900
vt 0.537100 0.186000
vt 0.541800 0.197900
vt 0.541300 0.204200
vt 0.502200 0.203200
vt 0.505100 0.189400
vt 0.263300 0.264700
vt 0.253500 0.270400
vt 0.151900 0.619600
vt 0.172700 0.618800
vt 0.300200 0.209100
vt 0.289400 0.189900
vt 0.287400 0.269800
vt 0.278900 0.262900
vt 0.127800 0.605500
vt 0.125600 0.543600
vt 0.186700 0.832600
vt 0.139500 0.710400
vt 0.126100 0.378100
vt 0.002000 0.604700
vt 0.002000 0.544600
vt 0.002000 0.380600
vt 0.069900 0.718800
vt 0.069800 0.729900
vt 0.133900 0.720900
vt 0.002000 0.732800
vt 0.002000 0.720800
vt 0.176000 0.832800
vt 0.218400 0.909200
vt 0.211700 0.930300
vt 0.402900 0.768700
vt 0.389500 0.791100
vt 0.384000 0.779000
vt 0.397400 0.756500
vt 0.377900 0.750300
vt 0.503500 0.166700
vt 0.627500 0.162100
vt 0.627500 0.138100
vt 0.765600 0.128400
vt 0.763000 0.153000
vt 0.816400 0.124800
vt 0.808600 0.147600
vt 0.826100 0.126300
vt 0.814300 0.148000
vt 0.860900 0.160300
vt 0.853300 0.172500
vt 0.152900 0.241700
vt 0.165500 0.245200
vt 0.150700 0.288300
vt 0.140900 0.285600
vt 0.138800 0.310400
vt 0.131900 0.305000
vt 0.128300 0.317200
vt 0.124800 0.307000
vt 0.122700 0.306800
vt 0.125700 0.317900
vt 0.118400 0.319400
vt 0.117000 0.306300
vt 0.002000 0.320000
vt 0.002000 0.305700
vt 0.627500 0.098300
vt 0.755300 0.091300
vt 0.800400 0.096000
vt 0.627500 0.011900
vt 0.757100 0.006900
vt 0.806600 0.009800
vt 0.602700 0.515300
vt 0.602700 0.421600
vt 0.713600 0.414900
vt 0.739000 0.509200
vt 0.777400 0.414400
vt 0.778600 0.475900
vt 0.602700 0.335400
vt 0.698600 0.335500
vt 0.741700 0.360500
vt 0.779600 0.359300
vt 0.602700 0.295600
vt 0.734100 0.302800
vt 0.774300 0.301700
vt 0.737400 0.212600
vt 0.602700 0.206500
vt 0.762900 0.213100
vt 0.865300 0.002000
vt 0.901400 0.040300
vt 0.950600 0.068100
vt 0.960400 0.156000
vt 0.209800 0.319500
vt 0.033200 0.212000
vt 0.109200 0.002900
vt 0.207000 0.002000
vt 0.250700 0.002400
vt 0.362800 0.002000
vt 0.488600 0.002100
vt 0.289400 0.002400
vt 0.503700 0.136700
vt 0.533400 0.002100
vt 0.768800 0.991200
vt 0.768800 0.897200
vt 0.934800 0.897200
vt 0.936000 0.991200
vt 0.768800 0.854800
vt 0.934400 0.854800
vt 0.768800 0.745800
vt 0.768800 0.625100
vt 0.920000 0.625100
vt 0.933300 0.745800
vt 0.768800 0.816900
vt 0.934000 0.816900
vt 0.768800 0.514800
vt 0.923900 0.581900
vt 0.608100 0.154400
vt 0.387000 0.847700
vt 0.370800 0.840000
vt 0.342600 0.833400
vt 0.302900 0.829100
vt 0.300400 0.742800
vt 0.238400 0.821300
vt 0.238400 0.736500
vt 0.549300 0.168000
vt 0.168600 0.860500
vt 0.168600 0.893400
vt 0.156100 0.898700
vt 0.156100 0.865700
vt 0.137200 0.900700
vt 0.137200 0.867800
vt 0.072600 0.901400
vt 0.072500 0.868500
vt 0.055500 0.837100
vt 0.797600 0.229200
vt 0.876100 0.235900
vt 0.890500 0.264700
vt 0.805200 0.241200
vt 0.897100 0.285200
vt 0.803600 0.264900
vt 0.900800 0.343600
vt 0.801300 0.333400
vt 0.900900 0.400200
vt 0.799300 0.400200
vt 0.980200 0.196700
vt 0.982600 0.236900
vt 0.986600 0.266500
vt 0.994200 0.334300
vt 0.996500 0.400200
vt 0.568800 0.099500
vt 0.830300 0.516400
vt 0.894100 0.528700
vt 0.911600 0.547700
vt 0.389100 0.891400
vt 0.400500 0.895400
vt 0.372700 0.887700
vt 0.311300 0.884200
vt 0.238400 0.873200
vt 0.280600 0.873500
vt 0.011000 0.900900
vt 0.011000 0.834800
vt 0.015700 0.185300
vt 0.002000 0.214500
vt 0.602300 0.198000
vt 0.737400 0.203700
vt 0.767800 0.182800
vt 0.580800 0.968600
vt 0.575100 0.936500
vt 0.594400 0.914900
vt 0.607600 0.957100
vt 0.525900 0.977400
vt 0.524300 0.944200
vt 0.562800 0.941800
vt 0.566200 0.974200
vt 0.535100 0.918500
vt 0.577400 0.917300
vt 0.478300 0.785000
vt 0.511700 0.688300
vt 0.576400 0.696100
vt 0.589400 0.783800
vt 0.512600 0.662000
vt 0.515000 0.636000
vt 0.586000 0.647300
vt 0.579200 0.671700
vt 0.459000 0.977000
vt 0.458700 0.943000
vt 0.469400 0.940100
vt 0.469600 0.974600
vt 0.466400 0.916400
vt 0.477700 0.912800
vt 0.431000 0.785000
vt 0.431000 0.687800
vt 0.431000 0.660600
vt 0.431000 0.634000
vt 0.431000 0.859300
vt 0.477900 0.856500
vt 0.484700 0.944400
vt 0.485300 0.978000
vt 0.492300 0.918100
vt 0.431000 0.978800
vt 0.431000 0.945000
vt 0.431000 0.918600
vt 0.584700 0.855900
vt 0.609000 0.656800
vt 0.595300 0.692800
vt 0.597700 0.783900
vt 0.596000 0.857200
vt 0.053100 0.799500
vt 0.044400 0.773700
vt 0.072700 0.772400
vt 0.072500 0.799700
vt 0.048100 0.806900
vt 0.028800 0.779100
vt 0.072400 0.809800
vt 0.040800 0.815100
vt 0.007800 0.784000
vt 0.687900 0.927200
vt 0.655300 0.928300
vt 0.660900 0.892200
vt 0.687900 0.892300
vt 0.072400 0.822800
vt 0.091700 0.799700
vt 0.100500 0.774400
vt 0.115600 0.779700
vt 0.096700 0.807000
vt 0.104000 0.815200
vt 0.136400 0.784000
vt 0.714900 0.892200
vt 0.720500 0.928300
vt 0.040300 0.757900
vt 0.073100 0.755300
vt 0.005200 0.772400
vt 0.021500 0.761000
vt 0.687900 0.934900
vt 0.657200 0.935900
vt 0.105900 0.758900
vt 0.124300 0.761900
vt 0.718500 0.935900
vt 0.139800 0.773800
vt 0.687900 0.961800
vt 0.660600 0.961900
vt 0.654100 0.950100
vt 0.687900 0.950500
vt 0.715100 0.961900
vt 0.721700 0.950100
vt 0.628900 0.613800
vt 0.628900 0.555000
vt 0.709900 0.613800
vt 0.980100 0.761800
vt 0.980100 0.877800
vt 0.957800 0.877800
vt 0.957800 0.761800
vt 0.628900 0.729300
vt 0.698900 0.729300
vt 0.980100 0.635100
vt 0.980100 0.704900
vt 0.957800 0.704900
vt 0.957800 0.635000
vt 0.980100 0.511500
vt 0.936000 0.511500
vt 0.751800 0.529300
vt 0.740300 0.598400
vt 0.957800 0.727600
vt 0.980100 0.727600
vt 0.748700 0.599200
vt 0.961600 0.719000
vt 0.961600 0.713500
vt 0.980100 0.713500
vt 0.980100 0.719000
vt 0.746300 0.608200
vt 0.741000 0.607700
vt 0.980100 1.007200
vt 0.957800 1.007200
vt 0.698900 0.858800
vt 0.628900 0.836300
vt 0.497100 0.594100
vt 0.484200 0.551100
vt 0.514300 0.551500
vt 0.514300 0.594000
vt 0.479300 0.495300
vt 0.461200 0.503400
vt 0.443000 0.432900
vt 0.478400 0.419100
vt 0.490200 0.601200
vt 0.467500 0.554800
vt 0.514300 0.604600
vt 0.466500 0.527500
vt 0.454300 0.540700
vt 0.455300 0.505800
vt 0.435000 0.435300
vt 0.437700 0.406600
vt 0.444700 0.407000
vt 0.472700 0.371200
vt 0.465900 0.370900
vt 0.372000 0.448900
vt 0.411700 0.507800
vt 0.420500 0.537400
vt 0.390200 0.610100
vt 0.367100 0.655100
vt 0.333700 0.657200
vt 0.333700 0.619500
vt 0.382300 0.636400
vt 0.355400 0.700800
vt 0.380600 0.663300
vt 0.358600 0.712100
vt 0.396600 0.644000
vt 0.418800 0.607700
vt 0.439700 0.531600
vt 0.433100 0.501900
vt 0.395800 0.451200
vt 0.514300 0.431400
vt 0.514300 0.487000
vt 0.494700 0.371400
vt 0.514300 0.371800
vt 0.351800 0.449400
vt 0.366300 0.300600
vt 0.382400 0.306800
vt 0.425200 0.389700
vt 0.398400 0.384400
vt 0.403400 0.336700
vt 0.430800 0.330800
vt 0.452800 0.330000
vt 0.443200 0.330500
vt 0.438300 0.277000
vt 0.445800 0.285200
vt 0.333800 0.448900
vt 0.333800 0.298500
vt 0.461800 0.258700
vt 0.479700 0.254400
vt 0.333800 0.279700
vt 0.371700 0.284000
vt 0.455100 0.242100
vt 0.481500 0.230000
vt 0.404800 0.295200
vt 0.333700 0.701800
vt 0.333600 0.714500
vt 0.514300 0.254400
vt 0.514300 0.230200
vt 0.531500 0.594100
vt 0.544500 0.551100
vt 0.549400 0.495300
vt 0.550300 0.419100
vt 0.585700 0.432900
vt 0.567500 0.503400
vt 0.561100 0.554800
vt 0.538500 0.601200
vt 0.562200 0.527500
vt 0.573300 0.505800
vt 0.574400 0.540700
vt 0.593600 0.435300
vt 0.583900 0.407000
vt 0.590900 0.406600
vt 0.555900 0.371200
vt 0.562700 0.370900
vt 0.295500 0.448900
vt 0.277200 0.610100
vt 0.246900 0.537400
vt 0.255700 0.507800
vt 0.300200 0.655000
vt 0.285000 0.636400
vt 0.311900 0.700800
vt 0.308700 0.712100
vt 0.286800 0.663300
vt 0.270800 0.643900
vt 0.248600 0.607600
vt 0.227700 0.531600
vt 0.234300 0.501800
vt 0.271700 0.451200
vt 0.533900 0.371400
vt 0.315700 0.449400
vt 0.285200 0.306800
vt 0.301300 0.300600
vt 0.242400 0.389600
vt 0.236800 0.330800
vt 0.264200 0.336700
vt 0.269200 0.384400
vt 0.575800 0.330000
vt 0.582800 0.285200
vt 0.590300 0.277000
vt 0.585400 0.330500
vt 0.548900 0.254400
vt 0.566800 0.258700
vt 0.295900 0.283900
vt 0.547100 0.230000
vt 0.573500 0.242100
vt 0.262800 0.295100
vt 0.031900 0.242800
vt 0.212900 0.215200
vt 0.210900 0.194600
vt 0.029000 0.219100
vt 0.241000 0.213600
vt 0.253800 0.193300
vt 0.362200 0.203400
vt 0.485200 0.202300
vt 0.489000 0.171900
vt 0.362600 0.181700
vt 0.169800 0.590400
vt 0.167900 0.542600
vt 0.148600 0.543200
vt 0.150600 0.592500
vt 0.213600 0.831300
vt 0.168600 0.699000
vt 0.151700 0.703100
vt 0.200000 0.838400
vt 0.165200 0.380900
vt 0.149000 0.376100
vt 0.175400 0.360300
vt 0.158800 0.355000
vt 0.197100 0.347500
vt 0.183900 0.336500
vt 0.012900 0.246200
vt 0.009600 0.223000
vt 0.209800 0.343300
vt 0.203100 0.326600
vt 0.532300 0.198900
vt 0.541300 0.204200
vt 0.541800 0.197900
vt 0.537100 0.186000
vt 0.502200 0.203200
vt 0.505100 0.189400
vt 0.253500 0.270400
vt 0.263300 0.264700
vt 0.172700 0.618800
vt 0.151900 0.619600
vt 0.300200 0.209100
vt 0.289400 0.189900
vt 0.287400 0.269800
vt 0.278900 0.262900
vt 0.125600 0.543600
vt 0.127800 0.605500
vt 0.139500 0.710400
vt 0.186700 0.832600
vt 0.126100 0.378100
vt 0.002000 0.544600
vt 0.002000 0.604700
vt 0.002000 0.380600
vt 0.069900 0.718800
vt 0.069800 0.729900
vt 0.133900 0.720900
vt 0.002000 0.732800
vt 0.002000 0.720800
vt 0.176000 0.832800
vt 0.211700 0.930300
vt 0.218400 0.909200
vt 0.402900 0.768700
vt 0.397400 0.756500
vt 0.384000 0.779000
vt 0.389500 0.791100
vt 0.377900 0.750300
vt 0.503500 0.166700
vt 0.627500 0.162100
vt 0.763000 0.153000
vt 0.765600 0.128400
vt 0.627500 0.138100
vt 0.808600 0.147600
vt 0.816400 0.124800
vt 0.814300 0.148000
vt 0.826100 0.126300
vt 0.853300 0.172500
vt 0.860900 0.160300
vt 0.152900 0.241700
vt 0.140900 0.285600
vt 0.150700 0.288300
vt 0.165500 0.245200
vt 0.131900 0.305000
vt 0.138800 0.310400
vt 0.124800 0.307000
vt 0.128300 0.317200
vt 0.122700 0.306800
vt 0.117000 0.306300
vt 0.118400 0.319400
vt 0.125700 0.317900
vt 0.002000 0.305700
vt 0.002000 0.320000
vt 0.755300 0.091300
vt 0.627500 0.098300
vt 0.800400 0.096000
vt 0.757100 0.006900
vt 0.627500 0.011900
vt 0.806600 0.009800
vt 0.602700 0.515300
vt 0.739000 0.509200
vt 0.713600 0.414900
vt 0.602700 0.421600
vt 0.778600 0.475900
vt 0.777400 0.414400
vt 0.698600 0.335500
vt 0.602700 0.335400
vt 0.779600 0.359300
vt 0.741700 0.360500
vt 0.734100 0.302800
vt 0.602700 0.295600
vt 0.774300 0.301700
vt 0.737400 0.212600
vt 0.602700 0.206500
vt 0.762900 0.213100
vt 0.865300 0.002000
vt 0.901400 0.040300
vt 0.950600 0.068100
vt 0.960400 0.156000
vt 0.209800 0.319500
vt 0.207000 0.002000
vt 0.109200 0.002900
vt 0.033200 0.212000
vt 0.250700 0.002400
vt 0.488600 0.002100
vt 0.362800 0.002000
vt 0.289400 0.002400
vt 0.503700 0.136700
vt 0.533400 0.002100
vt 0.768800 0.991200
vt 0.936000 0.991200
vt 0.934800 0.897200
vt 0.768800 0.897200
vt 0.934400 0.854800
vt 0.768800 0.854800
vt 0.768800 0.745800
vt 0.933300 0.745800
vt 0.920000 0.625100
vt 0.768800 0.625100
vt 0.768800 0.816900
vt 0.934000 0.816900
vt 0.923900 0.581900
vt 0.768800 0.514800
vt 0.608100 0.154400
vt 0.370800 0.840000
vt 0.387000 0.847700
vt 0.342600 0.833400
vt 0.300400 0.742800
vt 0.302900 0.829100
vt 0.238400 0.736500
vt 0.238400 0.821300
vt 0.549300 0.168000
vt 0.168600 0.860500
vt 0.156100 0.865700
vt 0.156100 0.898700
vt 0.168600 0.893400
vt 0.137200 0.867800
vt 0.137200 0.900700
vt 0.072500 0.868500
vt 0.072600 0.901400
vt 0.055500 0.837100
vt 0.797600 0.229200
vt 0.805200 0.241200
vt 0.890500 0.264700
vt 0.876100 0.235900
vt 0.803600 0.264900
vt 0.897100 0.285200
vt 0.801300 0.333400
vt 0.900800 0.343600
vt 0.799300 0.400200
vt 0.900900 0.400200
vt 0.982600 0.236900
vt 0.980200 0.196700
vt 0.986600 0.266500
vt 0.994200 0.334300
vt 0.996500 0.400200
vt 0.568800 0.099500
vt 0.911600 0.547700
vt 0.894100 0.528700
vt 0.830300 0.516400
vt 0.389100 0.891400
vt 0.400500 0.895400
vt 0.372700 0.887700
vt 0.311300 0.884200
vt 0.238400 0.873200
vt 0.280600 0.873500
vt 0.011000 0.834800
vt 0.011000 0.900900
vt 0.015700 0.185300
vt 0.002000 0.214500
vt 0.737400 0.203700
vt 0.602300 0.198000
vt 0.767800 0.182800
vt 0.580800 0.968600
vt 0.607600 0.957100
vt 0.594400 0.914900
vt 0.575100 0.936500
vt 0.525900 0.977400
vt 0.566200 0.974200
vt 0.562800 0.941800
vt 0.524300 0.944200
vt 0.577400 0.917300
vt 0.535100 0.918500
vt 0.478300 0.785000
vt 0.589400 0.783800
vt 0.576400 0.696100
vt 0.511700 0.688300
vt 0.512600 0.662000
vt 0.579200 0.671700
vt 0.586000 0.647300
vt 0.515000 0.636000
vt 0.459000 0.977000
vt 0.469600 0.974600
vt 0.469400 0.940100
vt 0.458700 0.943000
vt 0.477700 0.912800
vt 0.466400 0.916400
vt 0.431000 0.785000
vt 0.431000 0.687800
vt 0.431000 0.660600
vt 0.431000 0.634000
vt 0.477900 0.856500
vt 0.431000 0.859300
vt 0.485300 0.978000
vt 0.484700 0.944400
vt 0.492300 0.918100
vt 0.431000 0.978800
vt 0.431000 0.945000
vt 0.431000 0.918600
vt 0.584700 0.855900
vt 0.595300 0.692800
vt 0.609000 0.656800
vt 0.597700 0.783900
vt 0.596000 0.857200
vt 0.053100 0.799500
vt 0.072500 0.799700
vt 0.072700 0.772400
vt 0.044400 0.773700
vt 0.028800 0.779100
vt 0.048100 0.806900
vt 0.072400 0.809800
vt 0.040800 0.815100
vt 0.007800 0.784000
vt 0.687900 0.927200
vt 0.687900 0.892300
vt 0.660900 0.892200
vt 0.655300 0.928300
vt 0.072400 0.822800
vt 0.091700 0.799700
vt 0.100500 0.774400
vt 0.096700 0.807000
vt 0.115600 0.779700
vt 0.104000 0.815200
vt 0.136400 0.784000
vt 0.720500 0.928300
vt 0.714900 0.892200
vt 0.073100 0.755300
vt 0.040300 0.757900
vt 0.021500 0.761000
vt 0.005200 0.772400
vt 0.657200 0.935900
vt 0.687900 0.934900
vt 0.105900 0.758900
vt 0.124300 0.761900
vt 0.718500 0.935900
vt 0.139800 0.773800
vt 0.687900 0.961800
vt 0.687900 0.950500
vt 0.654100 0.950100
vt 0.660600 0.961900
vt 0.715100 0.961900
vt 0.721700 0.950100
vt 0.628900 0.613800
vt 0.709900 0.613800
vt 0.628900 0.555000
vt 0.980100 0.761800
vt 0.957800 0.761800
vt 0.957800 0.877800
vt 0.980100 0.877800
vt 0.628900 0.729300
vt 0.698900 0.729300
vt 0.980100 0.635100
vt 0.957800 0.635000
vt 0.957800 0.704900
vt 0.980100 0.704900
vt 0.980100 0.511500
vt 0.936000 0.511500
vt 0.740300 0.598400
vt 0.751800 0.529300
vt 0.980100 0.727600
vt 0.957800 0.727600
vt 0.748700 0.599200
vt 0.961600 0.719000
vt 0.980100 0.719000
vt 0.980100 0.713500
vt 0.961600 0.713500
vt 0.741000 0.607700
vt 0.746300 0.608200
vt 0.957800 1.007200
vt 0.980100 1.007200
vt 0.628900 0.836300
vt 0.698900 0.858800
vt 0.497100 0.594100
vt 0.514300 0.594000
vt 0.514300 0.551500
vt 0.484200 0.551100
vt 0.479300 0.495300
vt 0.478400 0.419100
vt 0.443000 0.432900
vt 0.461200 0.503400
vt 0.467500 0.554800
vt 0.490200 0.601200
vt 0.514300 0.604600
vt 0.466500 0.527500
vt 0.455300 0.505800
vt 0.454300 0.540700
vt 0.435000 0.435300
vt 0.444700 0.407000
vt 0.437700 0.406600
vt 0.472700 0.371200
vt 0.465900 0.370900
vt 0.372000 0.448900
vt 0.390200 0.610100
vt 0.420500 0.537400
vt 0.411700 0.507800
vt 0.333700 0.619500
vt 0.333700 0.657200
vt 0.367100 0.655100
vt 0.382300 0.636400
vt 0.355400 0.700800
vt 0.358600 0.712100
vt 0.380600 0.663300
vt 0.396600 0.644000
vt 0.418800 0.607700
vt 0.439700 0.531600
vt 0.433100 0.501900
vt 0.395800 0.451200
vt 0.514300 0.487000
vt 0.514300 0.431400
vt 0.514300 0.371800
vt 0.494700 0.371400
vt 0.351800 0.449400
vt 0.382400 0.306800
vt 0.366300 0.300600
vt 0.425200 0.389700
vt 0.430800 0.330800
vt 0.403400 0.336700
vt 0.398400 0.384400
vt 0.452800 0.330000
vt 0.445800 0.285200
vt 0.438300 0.277000
vt 0.443200 0.330500
vt 0.333800 0.298500
vt 0.333800 0.448900
vt 0.479700 0.254400
vt 0.461800 0.258700
vt 0.371700 0.284000
vt 0.333800 0.279700
vt 0.481500 0.230000
vt 0.455100 0.242100
vt 0.404800 0.295200
vt 0.333700 0.701800
vt 0.333600 0.714500
vt 0.514300 0.254400
vt 0.514300 0.230200
vt 0.531500 0.594100
vt 0.544500 0.551100
vt 0.549400 0.495300
vt 0.567500 0.503400
vt 0.585700 0.432900
vt 0.550300 0.419100
vt 0.538500 0.601200
vt 0.561100 0.554800
vt 0.562200 0.527500
vt 0.574400 0.540700
vt 0.573300 0.505800
vt 0.593600 0.435300
vt 0.590900 0.406600
vt 0.583900 0.407000
vt 0.555900 0.371200
vt 0.562700 0.370900
vt 0.295500 0.448900
vt 0.255700 0.507800
vt 0.246900 0.537400
vt 0.277200 0.610100
vt 0.300200 0.655000
vt 0.285000 0.636400
vt 0.311900 0.700800
vt 0.286800 0.663300
vt 0.308700 0.712100
vt 0.270800 0.643900
vt 0.248600 0.607600
vt 0.227700 0.531600
vt 0.234300 0.501800
vt 0.271700 0.451200
vt 0.533900 0.371400
vt 0.315700 0.449400
vt 0.301300 0.300600
vt 0.285200 0.306800
vt 0.242400 0.389600
vt 0.269200 0.384400
vt 0.264200 0.336700
vt 0.236800 0.330800
vt 0.575800 0.330000
vt 0.585400 0.330500
vt 0.590300 0.277000
vt 0.582800 0.285200
vt 0.566800 0.258700
vt 0.548900 0.254400
vt 0.295900 0.283900
vt 0.573500 0.242100
vt 0.547100 0.230000
vt 0.262800 0.295100
vt 0.792500 0.411600
vt 0.929600 0.411100
vt 0.907200 0.428100
vt 0.792200 0.426900
vt 0.880900 0.447100
vt 0.791300 0.442200
vt 0.867300 0.461800
vt 0.790500 0.457400
vt 0.858900 0.476400
vt 0.789700 0.472700
vt 0.858100 0.491700
vt 0.788800 0.487900
vt 0.857300 0.507000
vt 0.788000 0.503300
vt 0.025300 0.981800
vt 0.014500 0.971000
vt 0.010500 0.956300
vt 0.040100 0.985800
vt 0.014500 0.941500
vt 0.025300 0.930700
vt 0.040100 0.926800
vt 0.792500 0.411600
vt 0.792200 0.426900
vt 0.907200 0.428100
vt 0.929600 0.411100
vt 0.791300 0.442200
vt 0.880900 0.447100
vt 0.790500 0.457400
vt 0.867300 0.461800
vt 0.789700 0.472700
vt 0.858900 0.476400
vt 0.788800 0.487900
vt 0.858100 0.491700
vt 0.788000 0.503300
vt 0.857300 0.507000
vt 0.025300 0.930700
vt 0.014500 0.941500
vt 0.010500 0.956300
vt 0.014500 0.971000
vt 0.025300 0.981800
vt 0.040100 0.985800
vt 0.040100 0.926800
vt 0.228100 0.442400
vt 0.228100 0.441800
vt 0.228800 0.441800
vt 0.228800 0.442400
vt 0.228100 0.442300
vt 0.228800 0.442300
vt 0.228800 0.441700
vt 0.228100 0.441700
vt 0.058900 0.407700
vt 0.059000 0.407700
vt 0.059000 0.407600
vt 0.058900 0.407600
vt 0.059000 0.407600
vt 0.059000 0.407500
vt 0.058900 0.407600
vt 0.058900 0.407500
vt 0.228100 0.442400
vt 0.228100 0.441800
vt 0.228800 0.441800
vt 0.228800 0.442400
vt 0.228100 0.442300
vt 0.228800 0.442300
vt 0.228800 0.441700
vt 0.228100 0.441700
vt 0.058900 0.407700
vt 0.059000 0.407700
vt 0.059000 0.407600
vt 0.058900 0.407600
vt 0.059000 0.407600
vt 0.059000 0.407500
vt 0.058900 0.407600
vt 0.058900 0.407500
vt 0.237800 0.392000
vt 0.290600 0.499500
vt 0.290600 0.499500
vt 0.274700 0.371200
vt 0.207600 0.607200
vt 0.291600 0.611400
vt 0.291300 0.576900
vt 0.208600 0.573100
vt 0.222900 0.765100
vt 0.235900 0.760000
vt 0.260300 0.748000
vt 0.282800 0.734000
vt 0.221400 0.750200
vt 0.209500 0.542600
vt 0.291100 0.558300
vt 0.214600 0.485500
vt 0.252800 0.360900
vt 0.223300 0.388200
vt 0.366600 0.260600
vt 0.412200 0.326200
vt 0.494800 0.353800
vt 0.309900 0.785100
vt 0.297900 0.791500
vt 0.285500 0.810900
vt 0.269900 0.851700
vt 0.259500 0.888200
vt 0.261100 0.893700
vt 0.297500 0.913600
vt 0.312000 0.785400
vt 0.366100 0.483900
vt 1.000000 1.000000
vt 0.655700 0.697300
vt 0.419300 0.784700
vt 0.319000 0.784200
vt 0.419300 0.915200
vt 0.294400 0.379700
vt 0.311700 0.490800
vt 0.419300 0.483100
vt 0.419300 0.257200
vt 0.301500 0.267100
vt 0.281700 0.282500
vt 0.284800 0.272300
vt 0.237800 0.392000
vt 0.274700 0.371200
vt 0.290600 0.499500
vt 0.290600 0.499500
vt 0.207600 0.607200
vt 0.208600 0.573100
vt 0.291300 0.576900
vt 0.291600 0.611400
vt 0.260300 0.748000
vt 0.235900 0.760000
vt 0.222900 0.765100
vt 0.282800 0.734000
vt 0.221400 0.750200
vt 0.291100 0.558300
vt 0.209500 0.542600
vt 0.214600 0.485500
vt 0.252800 0.360900
vt 0.223300 0.388200
vt 0.366600 0.260600
vt 0.494800 0.353800
vt 0.412200 0.326200
vt 0.297500 0.913600
vt 0.261100 0.893700
vt 0.259500 0.888200
vt 0.269900 0.851700
vt 0.285500 0.810900
vt 0.297900 0.791500
vt 0.309900 0.785100
vt 0.312000 0.785400
vt 0.366100 0.483900
vt 0.655700 0.697300
vt 1.000000 1.000000
vt 0.319000 0.784200
vt 0.419300 0.784700
vt 0.419300 0.915200
vt 0.294400 0.379700
vt 0.311700 0.490800
vt 0.419300 0.483100
vt 0.419300 0.257200
vt 0.301500 0.267100
vt 0.281700 0.282500
vt 0.284800 0.272300
vn 0.000000 -0.883500 0.468500
vn 0.000000 -0.996900 -0.079300
vn 0.257600 -0.963500 -0.073400
vn 0.206100 -0.880200 0.427600
vn 0.000000 -0.329100 0.944300
vn -0.000000 -0.472200 0.881500
vn 0.306700 -0.535300 0.787000
vn 0.244600 -0.338400 0.908700
vn 0.794200 0.573000 0.202200
vn 0.566700 0.821600 -0.061000
vn 0.142700 0.989800 0.003100
vn 0.067400 0.973800 0.217100
vn 0.418900 -0.166500 0.892700
vn 0.236700 -0.186500 0.953500
vn 0.299100 -0.255100 0.919500
vn 0.531100 -0.236900 0.813500
vn 0.671600 -0.211900 0.710000
vn -0.000000 -0.006900 -1.000000
vn 0.000000 0.000000 -1.000000
vn -0.000000 0.000000 -1.000000
vn -0.000000 -0.321200 0.947000
vn 0.045900 -0.318300 0.946900
vn 0.561100 -0.333000 0.757800
vn 0.824500 -0.398800 0.401400
vn 0.804000 -0.165100 0.571200
vn -0.000000 -0.059400 -0.998200
vn 0.001500 -0.077900 -0.997000
vn -0.000000 -0.103400 -0.994600
vn 0.737000 -0.100700 0.668400
vn 0.506400 -0.259200 0.822400
vn 0.069300 -0.302000 0.950800
vn 0.000000 -0.209300 0.977800
vn 0.000000 -0.305900 0.952100
vn 0.922600 -0.112200 0.369200
vn 0.476000 -0.292100 0.829500
vn 0.661500 -0.077400 0.746000
vn 0.636400 -0.079200 0.767300
vn 0.388700 -0.005200 0.921400
vn 0.232200 -0.009700 0.972600
vn 0.000000 -0.000000 -1.000000
vn 0.000000 -0.011100 0.999900
vn 0.685700 0.084900 0.722900
vn 0.231600 0.167100 0.958300
vn 0.528700 0.073600 0.845600
vn 0.521800 0.041800 0.852000
vn 0.823900 -0.059100 0.563600
vn 0.580600 0.535700 0.613200
vn 0.000000 0.035000 -0.999400
vn 0.000000 0.023300 -0.999700
vn 0.103600 0.216700 -0.970700
vn 0.050100 0.176500 -0.983000
vn -0.000000 0.235100 -0.972000
vn 0.119000 0.717300 0.686600
vn 0.154200 0.145300 0.977300
vn 0.296000 0.119100 0.947700
vn 0.981300 0.004500 0.192400
vn 0.978100 -0.016900 0.207700
vn 0.834800 -0.052400 0.548100
vn 0.808500 -0.051600 0.586300
vn 0.974300 -0.017000 0.224700
vn 0.797000 -0.050900 0.601900
vn 0.972500 -0.016600 0.232100
vn 0.780400 -0.035100 0.624300
vn 0.973300 -0.012900 0.229100
vn 0.764100 -0.068100 0.641500
vn 0.930900 -0.112300 0.347500
vn 0.931900 -0.048700 0.359400
vn 0.598000 -0.799400 0.058600
vn 0.566800 -0.736500 0.369200
vn 0.804700 -0.050000 0.591600
vn 0.734600 -0.066600 0.675300
vn 0.693900 -0.068800 0.716800
vn 0.789500 -0.056600 0.611100
vn 0.677500 -0.069400 0.732200
vn 0.789200 -0.054500 0.611800
vn 0.840400 -0.040600 0.540500
vn 0.952800 0.285500 -0.103200
vn 1.000000 0.000000 0.000000
vn 0.993800 0.026100 -0.108100
vn 0.996500 -0.000500 -0.083600
vn 0.995200 -0.000400 -0.098000
vn 0.995300 -0.000400 -0.096500
vn 0.997100 -0.000100 -0.076200
vn 1.000000 -0.000000 0.000000
vn 0.833200 -0.542200 0.109000
vn 0.934900 -0.293400 0.199500
vn 0.882100 -0.458900 0.106300
vn 0.872900 -0.483600 0.064500
vn 0.614800 -0.785900 0.065700
vn 0.836300 -0.543700 0.070800
vn 0.969500 -0.032200 0.243100
vn 0.970500 -0.016800 0.240400
vn 0.000000 0.179600 0.983700
vn 0.000000 0.744300 0.667900
vn 0.000000 0.201800 0.979400
vn 0.000000 0.999700 0.022800
vn 0.000000 0.977900 0.209000
vn 0.162100 0.930700 -0.327900
vn 0.814400 0.487400 -0.314900
vn -0.000000 0.954200 -0.299200
vn 0.980400 -0.001000 -0.197000
vn 0.980900 -0.000500 -0.194300
vn 0.981500 -0.000500 -0.191400
vn 0.982200 0.000000 -0.187800
vn 0.246900 -0.960400 -0.129300
vn 0.000000 -0.987300 -0.158600
vn 1.000000 0.000000 -0.000000
vn 0.971700 0.055400 -0.229500
vn -0.000000 0.997000 -0.077300
vn 0.000000 0.997000 -0.077300
vn -0.000000 0.958200 -0.286200
vn -0.000000 0.953900 -0.300200
vn 0.000000 -0.940800 -0.338900
vn 0.000000 -0.944500 -0.328600
vn 0.000000 -0.986400 -0.164200
vn 0.000000 -0.746700 -0.665200
vn 0.000000 -0.394100 -0.919000
vn 0.000000 -0.010200 -0.999900
vn 0.000000 0.372900 -0.927900
vn -0.000000 0.773800 -0.633400
vn -0.000000 0.990400 -0.138000
vn -0.000000 0.964600 -0.263800
vn -0.000000 0.725200 -0.688600
vn -0.000000 0.308700 -0.951200
vn 0.000000 0.308700 -0.951200
vn 0.000000 -0.201800 -0.979400
vn 0.000000 -0.657200 -0.753700
vn 0.000000 -0.657200 -0.753800
vn 0.003900 -0.931700 -0.363200
vn 0.000000 -0.941600 -0.336800
vn 0.004700 -0.996900 -0.078400
vn 0.015000 -0.995500 -0.093200
vn 0.000000 -0.010400 -0.999900
vn 0.001000 -0.109300 -0.994000
vn 0.002000 -0.106700 -0.994300
vn 0.000000 -0.111600 -0.993800
vn 0.008700 -0.111300 -0.993700
vn 0.000000 0.153100 -0.988200
vn 1.000000 0.002700 0.000200
vn 1.000000 -0.000200 -0.000700
vn 1.000000 0.000300 -0.000300
vn 1.000000 0.000300 -0.000000
vn 1.000000 -0.000000 -0.000000
vn 0.189000 0.207500 -0.959800
vn 0.155600 0.231800 -0.960200
vn 0.299900 -0.431000 -0.851100
vn 0.477000 -0.304300 -0.824500
vn 0.938500 -0.315600 -0.139900
vn 0.726300 -0.676500 -0.122200
vn 0.165000 0.242600 -0.956000
vn 0.302600 -0.524800 -0.795700
vn -0.135800 -0.945500 0.296000
vn -0.187900 -0.651700 0.734800
vn 0.461500 -0.510900 0.725300
vn 0.627400 -0.336700 0.702200
vn -0.362800 -0.349800 0.863700
vn -0.216300 0.976300 -0.003200
vn -0.220500 0.975400 0.007700
vn -0.214600 0.976600 -0.011300
vn -0.218600 0.975700 0.015200
vn -0.756800 0.384900 0.528300
vn -0.214600 0.976700 -0.002400
vn -0.229400 0.970100 0.079600
vn 0.102500 0.741400 -0.663200
vn -0.536800 0.541500 0.647000
vn -0.099500 -0.744800 0.659900
vn 0.538000 -0.523600 -0.660700
vn 0.051000 -0.385100 0.921500
vn 0.000000 -0.390400 0.920600
vn 0.051000 -0.384900 0.921500
vn 0.902900 -0.023600 0.429200
vn 0.902500 -0.034800 0.429200
vn 0.704900 0.095600 0.702900
vn 0.416200 0.217900 0.882800
vn 0.043600 0.283900 0.957900
vn 0.000000 0.285300 0.958400
vn 0.236100 0.263400 0.935300
vn 0.386700 0.239400 0.890600
vn 0.410900 0.218300 0.885200
vn 0.696500 0.102200 0.710200
vn 0.383200 0.226100 0.895600
vn 0.360300 0.231900 0.903500
vn 0.803400 -0.056900 0.592800
vn -0.206100 -0.880200 0.427600
vn -0.257600 -0.963500 -0.073400
vn -0.244600 -0.338400 0.908700
vn -0.306700 -0.535300 0.787000
vn -0.794200 0.573000 0.202200
vn -0.067400 0.973800 0.217100
vn -0.142700 0.989800 0.003100
vn -0.566700 0.821600 -0.061000
vn -0.299100 -0.255100 0.919500
vn -0.236700 -0.186500 0.953500
vn -0.418900 -0.166500 0.892700
vn -0.531100 -0.236900 0.813500
vn -0.671600 -0.211900 0.710000
vn 0.000000 -0.006900 -1.000000
vn -0.045900 -0.318300 0.946900
vn -0.561100 -0.333000 0.757800
vn -0.804000 -0.165100 0.571200
vn -0.824500 -0.398800 0.401400
vn -0.001500 -0.077900 -0.997000
vn -0.506400 -0.259200 0.822400
vn -0.737000 -0.100700 0.668400
vn -0.069300 -0.302000 0.950800
vn -0.476000 -0.292100 0.829500
vn -0.922600 -0.112200 0.369200
vn -0.232200 -0.009700 0.972600
vn -0.388700 -0.005200 0.921400
vn -0.636400 -0.079200 0.767300
vn -0.661500 -0.077400 0.746000
vn -0.231600 0.167100 0.958300
vn -0.685700 0.084900 0.722900
vn -0.528700 0.073600 0.845600
vn -0.521800 0.041800 0.852000
vn -0.580600 0.535700 0.613200
vn -0.823900 -0.059100 0.563600
vn -0.000000 0.023300 -0.999700
vn -0.103600 0.216700 -0.970700
vn -0.050100 0.176500 -0.983000
vn -0.119000 0.717300 0.686600
vn -0.296000 0.119100 0.947700
vn -0.154200 0.145300 0.977300
vn -0.981300 0.004500 0.192400
vn -0.978100 -0.016900 0.207700
vn -0.974300 -0.017000 0.224700
vn -0.808500 -0.051600 0.586300
vn -0.834800 -0.052400 0.548100
vn -0.972500 -0.016600 0.232100
vn -0.797000 -0.050900 0.601900
vn -0.973300 -0.012900 0.229100
vn -0.780400 -0.035100 0.624300
vn -0.764100 -0.068100 0.641500
vn -0.931900 -0.048700 0.359400
vn -0.930900 -0.112300 0.347500
vn -0.566800 -0.736500 0.369200
vn -0.598000 -0.799400 0.058600
vn -0.804700 -0.050000 0.591600
vn -0.693900 -0.068800 0.716800
vn -0.734600 -0.066600 0.675300
vn -0.803400 -0.056900 0.592800
vn -0.789200 -0.054500 0.611800
vn -0.840400 -0.040600 0.540500
vn -0.952800 0.285500 -0.103200
vn -0.993800 0.026100 -0.108100
vn -1.000000 0.000000 0.000000
vn -0.996500 -0.000500 -0.083600
vn -0.995200 -0.000400 -0.098000
vn -0.995300 -0.000400 -0.096500
vn -0.997100 -0.000100 -0.076200
vn -1.000000 -0.000000 0.000000
vn -0.833200 -0.542200 0.109000
vn -0.934900 -0.293400 0.199500
vn -0.882100 -0.458900 0.106300
vn -0.872900 -0.483600 0.064500
vn -0.836300 -0.543700 0.070800
vn -0.614800 -0.785900 0.065700
vn -0.969500 -0.032200 0.243100
vn -0.970500 -0.016800 0.240400
vn -0.162100 0.930700 -0.327900
vn -0.814400 0.487400 -0.314900
vn -0.980400 -0.001000 -0.197000
vn -0.980900 -0.000500 -0.194300
vn -0.981500 -0.000500 -0.191400
vn -0.982200 0.000000 -0.187800
vn -0.246900 -0.960400 -0.129300
vn -1.000000 0.000000 -0.000000
vn -0.971700 0.055400 -0.229500
vn 0.000000 0.953900 -0.300200
vn 0.000000 0.958200 -0.286200
vn -0.000000 -0.940800 -0.338900
vn -0.000000 -0.986400 -0.164200
vn -0.000000 -0.944500 -0.328600
vn -0.000000 -0.746700 -0.665200
vn -0.000000 -0.394100 -0.919000
vn -0.000000 -0.010200 -0.999900
vn -0.000000 0.372900 -0.927900
vn 0.000000 0.773800 -0.633400
vn 0.000000 0.990400 -0.138000
vn 0.000000 0.964600 -0.263800
vn 0.000000 0.725200 -0.688600
vn -0.000000 -0.201800 -0.979400
vn -0.000000 -0.657200 -0.753800
vn -0.000000 -0.657200 -0.753700
vn -0.003900 -0.931700 -0.363200
vn -0.015000 -0.995500 -0.093200
vn -0.004700 -0.996900 -0.078400
vn -0.000000 -0.941600 -0.336800
vn -0.000000 -0.000000 -1.000000
vn -0.001000 -0.109300 -0.994000
vn -0.000000 -0.111600 -0.993800
vn -0.002000 -0.106700 -0.994300
vn -0.008700 -0.111300 -0.993700
vn -1.000000 0.002700 0.000200
vn -1.000000 -0.000200 -0.000700
vn -1.000000 0.000300 -0.000300
vn -1.000000 0.000300 -0.000000
vn -1.000000 -0.000000 -0.000000
vn -0.189000 0.207500 -0.959800
vn -0.155600 0.231800 -0.960200
vn -0.299900 -0.431000 -0.851100
vn -0.726300 -0.676500 -0.122200
vn -0.938500 -0.315600 -0.139900
vn -0.477000 -0.304300 -0.824500
vn -0.165000 0.242600 -0.956000
vn -0.302600 -0.524800 -0.795700
vn 0.135800 -0.945500 0.296000
vn 0.187900 -0.651700 0.734800
vn 0.362800 -0.349800 0.863700
vn -0.627400 -0.336700 0.702200
vn -0.461500 -0.510900 0.725300
vn 0.216300 0.976300 -0.003200
vn 0.218600 0.975700 0.015200
vn 0.214600 0.976600 -0.011300
vn 0.220500 0.975400 0.007700
vn 0.756800 0.384900 0.528300
vn 0.214600 0.976700 -0.002400
vn 0.229400 0.970100 0.079600
vn 0.536800 0.541500 0.647000
vn -0.102500 0.741400 -0.663200
vn 0.099500 -0.744800 0.659900
vn -0.538000 -0.523600 -0.660700
vn -0.051000 -0.385100 0.921500
vn -0.051000 -0.384900 0.921500
vn -0.902900 -0.023600 0.429200
vn -0.902500 -0.034800 0.429200
vn -0.704900 0.095600 0.702900
vn -0.416200 0.217900 0.882800
vn -0.043600 0.283900 0.957900
vn -0.236100 0.263400 0.935300
vn -0.386700 0.239400 0.890600
vn -0.410900 0.218300 0.885200
vn -0.383200 0.226100 0.895600
vn -0.696500 0.102200 0.710200
vn -0.360300 0.231900 0.903500
vn -0.789500 -0.056600 0.611100
vn -0.677500 -0.069400 0.732200
vn -0.384300 -0.089800 0.918800
vn -0.638500 -0.109700 0.761700
vn -0.837700 -0.047900 0.544100
vn -0.384500 -0.084400 0.919300
vn -0.951500 0.248600 0.181100
vn -0.283700 0.680000 0.676100
vn -0.376300 -0.062000 0.924400
vn -0.831300 -0.004000 0.555700
vn -0.890500 0.347600 0.293500
vn -0.202600 0.681500 0.703300
vn 0.504900 0.634800 -0.584900
vn -0.355500 0.471900 -0.806800
vn 0.132000 0.008100 -0.991200
vn 0.653400 0.005100 -0.757000
vn 0.500300 0.643300 -0.579600
vn -0.505100 0.618700 -0.601700
vn 0.020200 0.190100 -0.981600
vn 0.642700 0.180600 -0.744500
vn 0.014200 -0.308100 -0.951200
vn 0.526900 -0.409600 -0.744700
vn -0.488500 -0.555000 -0.673300
vn 0.000000 -0.881500 -0.472200
vn -0.600500 -0.640000 -0.479400
vn 0.037200 -0.948200 -0.315600
vn -0.216100 -0.828500 0.516600
vn -0.766400 -0.357100 0.534000
vn 0.041000 0.791800 0.609400
vn -0.760100 0.503700 0.410600
vn -0.000000 0.835600 0.549400
vn -0.467100 0.685000 0.559100
vn -0.426400 -0.305400 -0.851400
vn 0.527700 -0.595100 -0.606100
vn -0.265300 -0.726100 0.634300
vn -0.938900 -0.264100 0.220700
vn -0.280000 0.107200 -0.954000
vn -0.281700 0.007800 -0.959500
vn -0.983500 -0.009500 -0.180800
vn -0.583100 -0.155800 -0.797300
vn -0.287700 -0.119000 -0.950300
vn 0.000000 0.126900 -0.991900
vn -0.000000 0.007900 -1.000000
vn 0.000000 -0.168400 -0.985700
vn -0.031300 -0.455300 -0.889800
vn 0.038500 -0.869100 -0.493100
vn -0.618800 -0.724800 -0.302700
vn 0.000000 -0.865400 -0.501000
vn 0.000000 -0.442400 -0.896800
vn -0.988400 -0.115200 0.099000
vn -0.627800 -0.224500 0.745300
vn -0.527300 -0.240600 0.814900
vn -0.252500 -0.075800 0.964600
vn -0.269700 -0.058600 0.961200
vn -0.045600 0.035700 0.998300
vn -0.957000 0.264400 0.119700
vn -0.000000 -0.945000 0.327000
vn 0.000000 -0.927400 -0.374200
vn -0.361400 -0.851900 -0.379000
vn -0.208400 -0.924300 0.319800
vn -0.812000 -0.458400 -0.361100
vn -0.742900 -0.632600 0.218900
vn -0.998000 -0.007500 -0.063200
vn -0.998600 -0.049700 0.016300
vn -0.978200 0.159300 -0.133300
vn -0.972600 0.216400 -0.084700
vn -0.932300 0.201700 -0.300200
vn -0.936000 0.333000 -0.114200
vn -0.777800 0.338300 -0.529700
vn -0.749400 0.620100 -0.232100
vn -0.463200 0.425700 -0.777300
vn -0.206500 0.935500 -0.286600
vn -0.100600 0.951300 -0.291500
vn -0.160100 0.643900 -0.748200
vn -0.168900 0.518000 -0.838500
vn -0.117400 0.949500 -0.290900
vn 0.000000 0.477100 -0.878900
vn 0.000000 0.956100 -0.293000
vn 0.000000 -0.769900 -0.638100
vn -0.311500 -0.755500 -0.576400
vn -0.835200 -0.393100 -0.384500
vn 0.000000 -0.896300 0.443500
vn -0.258800 -0.879000 0.400400
vn -0.756800 -0.506100 0.413600
vn 0.000000 -0.230800 0.973000
vn -0.076100 -0.121000 0.989700
vn -0.630500 0.046500 0.774800
vn 0.000000 0.545200 0.838300
vn -0.329300 0.475800 0.815600
vn -0.390800 0.251500 0.885400
vn -0.745000 0.231200 0.625700
vn 0.000000 0.924600 0.381100
vn -0.159700 0.746400 0.646000
vn -0.637600 0.513500 0.574400
vn -0.000000 0.424100 0.905600
vn -0.779600 -0.042900 0.624800
vn -0.962300 -0.095300 0.254800
vn -0.802900 -0.004300 0.596000
vn -0.712100 0.008000 0.702100
vn -0.712600 0.006900 0.701600
vn -0.722400 0.043300 0.690100
vn -0.695900 0.008800 0.718100
vn -0.712700 0.006800 0.701500
vn -0.969400 0.239000 -0.056800
vn -0.763500 0.066000 0.642400
vn 0.000000 -0.000000 1.000000
vn -0.000000 0.000000 1.000000
vn 0.000000 0.000000 1.000000
vn 0.000000 -0.017100 0.999900
vn 0.000000 0.560900 0.827900
vn -0.602900 0.242300 0.760100
vn -0.331500 0.289100 0.898100
vn -0.100500 0.298700 0.949000
vn 0.069900 0.170700 0.982800
vn -0.000500 0.031000 0.999500
vn 0.000000 -0.003500 1.000000
vn 0.000000 0.031000 0.999500
vn -0.381400 0.624200 -0.681900
vn -0.820400 0.543700 0.177000
vn -0.182600 0.772200 -0.608600
vn -0.290000 0.867600 0.403900
vn -0.084000 0.799600 -0.594700
vn 0.057700 0.951000 0.303700
vn 0.323900 0.679800 0.658000
vn -0.986300 0.117300 -0.116300
vn -0.794600 0.485700 -0.364300
vn -0.407400 0.837800 -0.363400
vn -0.097600 0.912200 -0.398000
vn -0.000000 0.910200 -0.414100
vn -0.000000 0.809100 -0.587600
vn -0.631800 0.282300 0.721900
vn -0.344100 0.514100 0.785700
vn -0.059500 0.545200 0.836200
vn -0.000000 0.702100 0.712100
vn -0.914200 -0.376300 0.150600
vn 0.000000 -0.287100 0.957900
vn 0.060000 -0.458500 0.886700
vn 0.522800 -0.090500 0.847600
vn 0.405500 -0.407000 0.818500
vn 0.434200 -0.663300 0.609500
vn 0.793600 -0.019700 0.608200
vn 0.000000 -0.126100 0.992000
vn -0.001800 -0.470800 0.882300
vn 0.113500 -0.437400 0.892100
vn 0.151200 -0.124600 0.980600
vn 0.003100 -0.837900 0.545800
vn 0.124600 -0.816000 0.564400
vn -0.000100 -0.530400 0.847700
vn 0.028900 -0.263600 0.964200
vn 0.228200 -0.216800 0.949200
vn 0.315400 -0.497600 0.808000
vn 0.060600 -0.873900 0.482400
vn 0.064200 -0.990300 0.123500
vn 0.474000 -0.873800 0.109000
vn 0.422700 -0.802000 0.422100
vn 0.147400 -0.124700 0.981200
vn 0.102300 -0.453500 0.885400
vn -0.007100 -0.537800 0.843100
vn -0.021700 -0.126100 0.991800
vn -0.001100 -0.830700 0.556600
vn -0.013200 -0.853600 0.520700
vn 0.000000 -0.528700 0.848800
vn -0.000000 -0.248500 0.968600
vn -0.000000 -0.873400 0.487000
vn 0.000000 -0.992300 0.123700
vn -0.000000 -0.934800 0.355100
vn -0.004000 -0.938000 0.346500
vn -0.110100 -0.450300 0.886100
vn -0.143900 -0.124800 0.981700
vn -0.020100 -0.795300 0.605900
vn 0.000000 -0.462100 0.886800
vn -0.000000 -0.839000 0.544100
vn 0.178000 -0.920400 0.348100
vn 0.775400 -0.623300 0.100900
vn 0.606300 -0.339500 0.719100
vn 0.521800 -0.472000 0.710600
vn 0.363200 -0.867900 0.338700
vn -0.339700 -0.691600 0.637400
vn -0.532200 -0.843700 0.070100
vn 0.000500 -0.998300 0.057700
vn -0.000000 -0.717100 0.696900
vn -0.575700 -0.036800 0.816800
vn -0.994600 -0.089400 0.053000
vn -0.000000 0.049700 0.998800
vn -0.509200 0.703600 0.495600
vn -0.653300 0.741900 -0.151100
vn -0.000400 0.993200 -0.116300
vn 0.000000 0.837800 0.545900
vn 0.339700 -0.691600 0.637400
vn 0.539400 -0.840100 0.058200
vn 0.992600 -0.109700 0.051200
vn 0.575700 -0.036800 0.816800
vn 0.509200 0.703600 0.495600
vn 0.631300 0.766000 -0.121000
vn -0.331900 -0.710200 -0.620900
vn -0.008800 -0.768100 -0.640300
vn -0.446100 0.590200 -0.672800
vn -0.668700 -0.109100 -0.735500
vn 0.004300 0.688100 -0.725600
vn 0.371300 -0.712900 -0.594900
vn 0.665200 -0.136500 -0.734100
vn 0.394000 0.601800 -0.694700
vn -0.004900 -0.095000 -0.995500
vn 0.981900 -0.189200 -0.000000
vn 0.870900 0.478700 -0.111200
vn 0.767100 -0.417700 0.486900
vn 0.000000 -0.549800 0.835300
vn 0.000000 -0.047700 0.998900
vn 0.718000 -0.033200 0.695200
vn 1.000000 -0.000000 0.000000
vn 0.000000 0.791800 0.610800
vn -0.000000 -0.110900 0.993800
vn 0.708600 -0.207400 0.674400
vn 0.518700 0.663500 0.539100
vn -0.000000 0.967300 -0.253700
vn 0.905800 -0.423600 -0.012200
vn 0.000000 -0.892800 -0.450400
vn 0.436800 -0.697600 -0.567900
vn 0.436800 -0.744900 0.504300
vn -0.000000 -0.794800 0.606900
vn 0.000000 -0.738300 -0.674500
vn 0.625500 -0.000000 0.780200
vn -0.387400 -0.842800 0.373600
vn -0.467600 -0.868800 0.162800
vn 0.000000 -0.993800 -0.111500
vn 0.000000 -0.910300 0.414000
vn 0.146200 -0.953500 0.263500
vn -0.251600 -0.870900 0.422200
vn -0.062900 -0.948800 0.309600
vn 0.376300 -0.906700 0.190500
vn -0.589900 -0.131900 0.796600
vn -0.816200 -0.057300 0.574900
vn -0.000000 -0.037500 0.999300
vn -0.500900 -0.798300 0.334400
vn -0.842800 -0.051800 0.535800
vn -0.904500 -0.324800 0.276400
vn -0.938100 -0.299400 0.174300
vn -0.854600 -0.437400 -0.280000
vn 0.021900 -0.979400 -0.200900
vn -0.182400 -0.653400 0.734700
vn -0.975200 0.116200 -0.188500
vn -0.461800 0.511000 -0.725000
vn -0.894400 0.425100 -0.138700
vn -0.947200 0.305000 -0.099400
vn -0.695900 0.718100 -0.003000
vn -0.411000 0.817400 0.403700
vn 0.000000 0.968300 0.249700
vn 0.000000 0.995600 -0.093400
vn -0.524400 0.795400 0.303700
vn -0.491700 0.543300 0.680500
vn 0.000000 -0.955700 0.294300
vn 0.000000 -0.982300 0.187300
vn 0.012700 -0.634600 0.772700
vn 0.000000 -0.601500 0.798900
vn -0.019500 0.573000 -0.819300
vn -0.186000 -0.595900 -0.781300
vn -0.596100 -0.469900 -0.651000
vn -0.852700 0.323600 0.410200
vn -0.870000 0.047800 -0.490700
vn -0.905900 -0.137300 -0.400600
vn -0.743100 -0.251600 0.620100
vn 0.089500 0.307400 0.947400
vn 0.074200 0.046200 0.996200
vn -0.000000 0.575000 -0.818100
vn 0.000000 -0.603000 -0.797700
vn -0.023000 -0.286700 0.957700
vn 0.062600 -0.378700 0.923400
vn 0.000000 -0.987400 0.158400
vn -0.151000 -0.982000 0.113300
vn -0.665100 -0.691900 0.280700
vn 0.000000 0.661600 0.749900
vn 0.000000 -0.357100 0.934100
vn 0.387400 -0.842800 0.373600
vn 0.467600 -0.868800 0.162800
vn -0.146200 -0.953500 0.263500
vn -0.376300 -0.906700 0.190500
vn 0.062900 -0.948800 0.309600
vn 0.251600 -0.870900 0.422200
vn 0.816200 -0.057300 0.574900
vn 0.589900 -0.131900 0.796600
vn 0.500900 -0.798300 0.334400
vn 0.904500 -0.324800 0.276400
vn 0.842800 -0.051800 0.535800
vn 0.938100 -0.299400 0.174300
vn -0.021900 -0.979400 -0.200900
vn 0.854600 -0.437400 -0.280000
vn 0.182400 -0.653400 0.734700
vn 0.975200 0.116200 -0.188500
vn 0.461800 0.511000 -0.725000
vn 0.695900 0.718100 -0.003000
vn 0.947200 0.305000 -0.099400
vn 0.894400 0.425100 -0.138700
vn 0.411000 0.817400 0.403700
vn 0.524400 0.795400 0.303700
vn 0.491700 0.543300 0.680500
vn -0.012700 -0.634600 0.772700
vn 0.019500 0.573000 -0.819300
vn 0.596100 -0.469900 -0.651000
vn 0.186000 -0.595900 -0.781300
vn 0.852700 0.323600 0.410200
vn 0.743100 -0.251600 0.620100
vn 0.905900 -0.137300 -0.400600
vn 0.870000 0.047800 -0.490700
vn -0.089500 0.307400 0.947400
vn -0.074200 0.046200 0.996200
vn -0.062600 -0.378700 0.923400
vn 0.023000 -0.286700 0.957700
vn 0.151000 -0.982000 0.113300
vn 0.665100 -0.691900 0.280700
vn 0.384300 -0.089800 0.918800
vn 0.384500 -0.084400 0.919300
vn 0.837700 -0.047900 0.544100
vn 0.638500 -0.109700 0.761700
vn 0.283700 0.680000 0.676100
vn 0.951500 0.248600 0.181100
vn 0.376300 -0.062000 0.924400
vn 0.202600 0.681500 0.703300
vn 0.890500 0.347600 0.293500
vn 0.831300 -0.004000 0.555700
vn -0.504900 0.634800 -0.584900
vn -0.653400 0.005100 -0.757000
vn -0.132000 0.008100 -0.991200
vn 0.355500 0.471900 -0.806800
vn -0.500300 0.643300 -0.579600
vn -0.642700 0.180600 -0.744500
vn -0.020200 0.190100 -0.981600
vn 0.505100 0.618700 -0.601700
vn -0.526900 -0.409600 -0.744700
vn -0.014200 -0.308100 -0.951200
vn -0.000000 -0.881500 -0.472200
vn 0.488500 -0.555000 -0.673300
vn -0.037200 -0.948200 -0.315600
vn 0.600500 -0.640000 -0.479400
vn 0.216100 -0.828500 0.516600
vn 0.766400 -0.357100 0.534000
vn -0.041000 0.791800 0.609400
vn 0.760100 0.503700 0.410600
vn 0.000000 0.835600 0.549400
vn 0.467100 0.685000 0.559100
vn -0.527700 -0.595100 -0.606100
vn 0.426400 -0.305400 -0.851400
vn 0.265300 -0.726100 0.634300
vn 0.938900 -0.264100 0.220700
vn 0.281700 0.007800 -0.959500
vn 0.280000 0.107200 -0.954000
vn 0.583100 -0.155800 -0.797300
vn 0.983500 -0.009500 -0.180800
vn 0.287700 -0.119000 -0.950300
vn 0.031300 -0.455300 -0.889800
vn -0.038500 -0.869100 -0.493100
vn 0.618800 -0.724800 -0.302700
vn 0.988400 -0.115200 0.099000
vn 0.527300 -0.240600 0.814900
vn 0.627800 -0.224500 0.745300
vn 0.269700 -0.058600 0.961200
vn 0.252500 -0.075800 0.964600
vn 0.045600 0.035700 0.998300
vn 0.957000 0.264400 0.119700
vn 0.208400 -0.924300 0.319800
vn 0.361400 -0.851900 -0.379000
vn 0.742900 -0.632600 0.218900
vn 0.812000 -0.458400 -0.361100
vn 0.998600 -0.049700 0.016300
vn 0.998000 -0.007500 -0.063200
vn 0.972600 0.216400 -0.084700
vn 0.978200 0.159300 -0.133300
vn 0.936000 0.333000 -0.114200
vn 0.932300 0.201700 -0.300200
vn 0.749400 0.620100 -0.232100
vn 0.777800 0.338300 -0.529700
vn 0.206500 0.935500 -0.286600
vn 0.463200 0.425700 -0.777300
vn 0.100600 0.951300 -0.291500
vn 0.117400 0.949500 -0.290900
vn 0.168900 0.518000 -0.838500
vn 0.160100 0.643900 -0.748200
vn 0.311500 -0.755500 -0.576400
vn 0.835200 -0.393100 -0.384500
vn 0.258800 -0.879000 0.400400
vn 0.756800 -0.506100 0.413600
vn 0.076100 -0.121000 0.989700
vn 0.630500 0.046500 0.774800
vn 0.329300 0.475800 0.815600
vn 0.745000 0.231200 0.625700
vn 0.390800 0.251500 0.885400
vn 0.159700 0.746400 0.646000
vn 0.637600 0.513500 0.574400
vn 0.000000 0.424100 0.905600
vn 0.779600 -0.042900 0.624800
vn 0.712100 0.008000 0.702100
vn 0.802900 -0.004300 0.596000
vn 0.962300 -0.095300 0.254800
vn 0.712600 0.006900 0.701600
vn 0.695900 0.008800 0.718100
vn 0.722400 0.043300 0.690100
vn 0.712700 0.006800 0.701500
vn 0.969400 0.239000 -0.056800
vn 0.763500 0.066000 0.642400
vn 0.331500 0.289100 0.898100
vn 0.602900 0.242300 0.760100
vn 0.100500 0.298700 0.949000
vn 0.000500 0.031000 0.999500
vn -0.069900 0.170700 0.982800
vn 0.820400 0.543700 0.177000
vn 0.381400 0.624200 -0.681900
vn 0.290000 0.867600 0.403900
vn 0.182600 0.772200 -0.608600
vn -0.057700 0.951000 0.303700
vn 0.084000 0.799600 -0.594700
vn -0.323900 0.679800 0.658000
vn 0.794600 0.485700 -0.364300
vn 0.986300 0.117300 -0.116300
vn 0.407400 0.837800 -0.363400
vn 0.097600 0.912200 -0.398000
vn 0.631800 0.282300 0.721900
vn 0.344100 0.514100 0.785700
vn 0.059500 0.545200 0.836200
vn 0.914200 -0.376300 0.150600
vn -0.060000 -0.458500 0.886700
vn -0.522800 -0.090500 0.847600
vn -0.793600 -0.019700 0.608200
vn -0.434200 -0.663300 0.609500
vn -0.405500 -0.407000 0.818500
vn -0.000000 -0.126100 0.992000
vn -0.151200 -0.124600 0.980600
vn -0.113500 -0.437400 0.892100
vn 0.001800 -0.470800 0.882300
vn -0.124600 -0.816000 0.564400
vn -0.003100 -0.837900 0.545800
vn 0.000100 -0.530400 0.847700
vn -0.315400 -0.497600 0.808000
vn -0.228200 -0.216800 0.949200
vn -0.028900 -0.263600 0.964200
vn -0.060600 -0.873900 0.482400
vn -0.422700 -0.802000 0.422100
vn -0.474000 -0.873800 0.109000
vn -0.064200 -0.990300 0.123500
vn -0.147400 -0.124700 0.981200
vn 0.021700 -0.126100 0.991800
vn 0.007100 -0.537800 0.843100
vn -0.102300 -0.453500 0.885400
vn 0.013200 -0.853600 0.520700
vn 0.001100 -0.830700 0.556600
vn 0.004000 -0.938000 0.346500
vn 0.143900 -0.124800 0.981700
vn 0.110100 -0.450300 0.886100
vn 0.020100 -0.795300 0.605900
vn -0.178000 -0.920400 0.348100
vn -0.606300 -0.339500 0.719100
vn -0.775400 -0.623300 0.100900
vn -0.521800 -0.472000 0.710600
vn -0.363200 -0.867900 0.338700
vn 0.000000 -0.717100 0.696900
vn -0.000500 -0.998300 0.057700
vn 0.532200 -0.843700 0.070100
vn 0.994600 -0.089400 0.053000
vn 0.000000 0.049700 0.998800
vn 0.653300 0.741900 -0.151100
vn 0.000400 0.993200 -0.116300
vn -0.539400 -0.840100 0.058200
vn -0.992600 -0.109700 0.051200
vn -0.631300 0.766000 -0.121000
vn 0.008800 -0.768100 -0.640300
vn 0.331900 -0.710200 -0.620900
vn 0.668700 -0.109100 -0.735500
vn 0.446100 0.590200 -0.672800
vn -0.004300 0.688100 -0.725600
vn -0.371300 -0.712900 -0.594900
vn -0.665200 -0.136500 -0.734100
vn -0.394000 0.601800 -0.694700
vn 0.004900 -0.095000 -0.995500
vn -0.981900 -0.189200 -0.000000
vn -0.767100 -0.417700 0.486900
vn -0.870900 0.478700 -0.111200
vn -0.718000 -0.033200 0.695200
vn -1.000000 -0.000000 0.000000
vn -0.518700 0.663500 0.539100
vn -0.708600 -0.207400 0.674400
vn -0.905800 -0.423600 -0.012200
vn -0.436800 -0.697600 -0.567900
vn -0.436800 -0.744900 0.504300
vn -0.625500 -0.000000 0.780200
vn -0.000000 -0.603000 -0.797700
vn -0.000000 -0.200200 0.979800
vn 0.000000 -0.168200 0.985800
vn 0.548600 -0.146200 0.823200
vn 0.514000 -0.192800 0.835800
vn 0.870200 -0.106100 0.481200
vn 0.866000 -0.130200 0.482800
vn 0.996000 -0.023100 0.086200
vn 1.000000 -0.000400 0.000100
vn 0.882000 0.122300 -0.455000
vn 0.866000 0.129400 -0.483000
vn 0.498800 0.224300 -0.837200
vn -0.000000 0.258800 -0.965900
vn 0.000000 0.258800 -0.965900
vn 0.000000 0.965900 0.258800
vn -0.000000 0.965900 0.258800
vn -0.514000 -0.192800 0.835800
vn -0.548600 -0.146200 0.823200
vn -0.866000 -0.130200 0.482800
vn -0.870200 -0.106100 0.481200
vn -1.000000 -0.000400 0.000100
vn -0.996000 -0.023100 0.086200
vn -0.866000 0.129400 -0.483000
vn -0.882000 0.122300 -0.455000
vn -0.498800 0.224300 -0.837200
vn 0.000000 0.796500 0.604600
vn 0.000000 -0.796500 -0.604600
vn 0.000000 0.604600 -0.796500
vn 1.000000 0.000000 0.000000
vn 0.000000 -0.604600 0.796500
vn -1.000000 0.000000 0.000000
vn 0.965700 -0.022600 0.258800
vn 0.445000 0.122700 0.887100
vn 0.497600 0.069900 0.864600
vn 0.966800 -0.018500 0.255000
vn 0.948400 -0.017600 0.316600
vn 0.953100 -0.003400 0.302500
vn 0.953000 -0.027900 0.301600
vn 0.953700 -0.034200 0.298800
vn 0.906900 -0.024100 0.420600
vn 0.902500 -0.034800 0.429200
vn 0.862200 0.143800 0.485800
vn 0.921900 -0.019300 0.386900
vn 0.909200 -0.041200 0.414300
vn 0.955600 -0.029900 0.293000
vn 0.954800 -0.025200 0.296200
vn 0.957100 -0.031000 0.288200
vn 0.969500 -0.032200 0.243100
vn 0.050500 -0.414400 0.908700
vn 0.050000 -0.404500 0.913200
vn 0.000000 -0.394600 0.918800
vn 0.386700 0.239400 0.890600
vn 0.384800 0.238900 0.891500
vn 0.435500 0.212100 0.874800
vn 0.366300 0.235600 0.900200
vn 0.359600 0.228200 0.904800
vn 0.186700 0.267700 0.945200
vn 0.203400 0.268100 0.941700
vn 0.065100 -0.295800 0.953000
vn -0.000000 -0.344100 0.938900
vn 0.057200 -0.339700 0.938800
vn -0.000000 0.285300 0.958400
vn 0.043200 0.285100 0.957500
vn -0.000000 0.284600 0.958600
vn 0.079000 -0.339100 0.937400
vn 0.067100 -0.294900 0.953200
vn -0.000000 -0.304000 0.952700
vn 0.000000 -0.391800 0.920000
vn 0.057900 -0.404100 0.912900
vn 0.063100 -0.389000 0.919100
vn 0.058700 -0.389600 0.919100
vn -0.965700 -0.022500 0.258700
vn -0.966800 -0.018500 0.255000
vn -0.497500 0.069800 0.864600
vn -0.445000 0.122800 0.887100
vn -0.948400 -0.017600 0.316600
vn -0.953700 -0.034200 0.298800
vn -0.953000 -0.027900 0.301600
vn -0.953100 -0.003400 0.302500
vn -0.862200 0.143800 0.485800
vn -0.902500 -0.034800 0.429200
vn -0.906900 -0.024100 0.420600
vn -0.921900 -0.019300 0.386900
vn -0.909200 -0.041200 0.414300
vn -0.954800 -0.025200 0.296200
vn -0.955700 -0.030200 0.292800
vn -0.957100 -0.031000 0.288200
vn -0.969500 -0.032200 0.243100
vn -0.050500 -0.414400 0.908700
vn -0.050000 -0.404500 0.913200
vn -0.186700 0.267700 0.945200
vn -0.359600 0.228200 0.904800
vn -0.366300 0.235600 0.900200
vn -0.435500 0.212100 0.874800
vn -0.384800 0.238900 0.891500
vn -0.386700 0.239400 0.890600
vn -0.203400 0.268100 0.941700
vn -0.065100 -0.295800 0.953000
vn -0.057200 -0.339700 0.938800
vn -0.043200 0.285100 0.957500
vn -0.079000 -0.339100 0.937400
vn -0.067100 -0.294900 0.953200
vn -0.057900 -0.404100 0.912900
vn -0.063100 -0.389000 0.919100
vn -0.058700 -0.389600 0.919100
g Hybrid
usemtl Hybrid
f 1/1/1 2/2/2 3/3/3
f 3/3/3 4/4/4 1/1/1
f 5/5/5 6/6/6 7/7/7
f 7/7/7 8/8/8 5/5/5
f 9/9/9 10/10/10 11/11/11
f 11/11/11 12/12/12 9/9/9
f 13/13/13 14/14/14 15/15/15
f 13/13/13 15/15/15 16/16/16
f 17/17/17 13/13/13 16/16/16
f 18/18/18 19/19/19 20/20/20
f 20/20/20 21/21/19 18/18/18
f 22/22/21 5/5/5 8/8/8
f 8/8/8 23/23/22 22/22/21
f 24/24/23 25/25/24 26/26/25
f 27/27/26 28/28/27 29/29/28
f 24/24/23 30/30/29 31/31/30
f 32/32/31 15/15/15 14/14/14
f 32/32/31 14/14/14 33/33/32
f 32/32/31 33/33/32 34/34/33
f 31/31/30 35/35/34 17/17/17
f 17/17/17 16/16/16 36/36/35
f 31/31/30 17/17/17 36/36/35
f 14/14/14 13/13/13 37/37/36
f 14/14/14 37/37/36 38/38/37
f 14/14/14 38/38/37 39/39/38
f 14/14/14 39/39/38 40/40/39
f 41/41/20 20/20/20 19/19/19
f 19/19/19 42/42/40 41/41/20
f 43/43/41 33/33/32 14/14/14
f 14/14/14 40/40/39 43/43/41
f 44/44/42 45/45/43 40/40/39
f 46/46/44 44/44/42 40/40/39
f 39/39/38 46/46/44 40/40/39
f 47/47/45 48/48/46 49/49/47
f 50/50/48 51/51/49 42/42/40
f 52/52/50 53/53/51 54/54/52
f 55/55/53 56/56/54 57/57/55
f 55/55/53 57/57/55 47/47/45
f 55/55/53 47/47/45 49/49/47
f 9/58/9 49/49/47 48/48/46
f 48/48/46 58/59/56 9/58/9
f 59/60/57 60/61/58 61/62/59
f 61/62/59 62/63/60 59/60/57
f 62/63/60 61/62/59 63/64/61
f 63/64/61 64/65/62 62/63/60
f 64/65/62 63/64/61 65/66/63
f 65/66/63 66/67/64 64/65/62
f 67/68/65 26/26/25 68/69/66
f 68/69/66 69/70/67 67/68/65
f 3/3/3 70/71/68 71/72/69
f 71/72/69 4/4/4 3/3/3
f 72/73/70 73/74/71 60/61/58
f 60/61/58 73/74/71 74/75/72
f 74/75/72 61/62/59 60/61/58
f 75/76/73 76/77/74 63/64/61
f 77/78/75 78/79/76 65/66/63
f 71/72/69 7/7/7 4/4/4
f 67/68/65 66/67/64 65/66/63
f 65/66/63 78/79/76 67/68/65
f 60/61/58 59/60/57 58/59/56
f 58/59/56 48/48/46 60/61/58
f 9/58/9 79/80/77 10/81/10
f 58/59/56 80/82/78 81/83/79
f 82/84/80 59/60/57 62/63/60
f 62/63/60 83/85/81 82/84/80
f 83/85/81 62/63/60 64/65/62
f 64/65/62 84/86/82 83/85/81
f 84/86/82 64/65/62 66/67/64
f 66/67/64 85/87/83 84/86/82
f 66/67/64 86/88/84 85/87/83
f 71/72/69 70/71/68 87/89/85
f 87/89/85 25/25/24 71/72/69
f 4/4/4 7/7/7 6/6/6
f 6/6/6 1/1/1 4/4/4
f 68/69/66 26/26/25 25/25/24
f 25/25/24 88/90/86 68/69/66
f 89/91/87 88/90/86 25/25/24
f 25/25/24 87/89/85 89/91/87
f 89/91/87 87/89/85 90/92/88
f 87/89/85 91/93/89 92/94/90
f 87/89/85 92/94/90 90/92/88
f 31/31/30 30/30/29 35/35/34
f 93/95/91 94/96/92 78/79/76
f 78/79/76 77/78/75 93/95/91
f 94/96/92 17/17/17 35/35/34
f 35/35/34 78/79/76 94/96/92
f 35/35/34 30/30/29 78/79/76
f 40/40/39 45/45/43 95/97/93
f 95/97/93 43/43/41 40/40/39
f 56/56/54 55/55/53 96/98/94
f 96/98/94 97/99/95 56/56/54
f 98/100/96 99/101/97 12/12/12
f 12/12/12 11/11/11 98/100/96
f 49/102/47 9/9/9 12/12/12
f 12/12/12 55/103/53 49/102/47
f 52/104/98 11/11/11 10/10/10
f 10/10/10 100/105/99 52/104/98
f 54/106/100 98/100/96 11/11/11
f 11/11/11 52/104/98 54/106/100
f 55/103/53 12/12/12 99/101/97
f 99/101/97 96/107/94 55/103/53
f 101/108/101 82/84/80 83/85/81
f 83/85/81 41/109/102 101/108/101
f 41/109/102 83/85/81 84/86/82
f 84/86/82 20/110/103 41/109/102
f 20/110/103 84/86/82 85/87/83
f 85/87/83 21/111/104 20/110/103
f 7/7/7 71/72/69 25/25/24
f 25/25/24 24/24/23 7/7/7
f 87/89/85 70/71/68 91/93/89
f 70/71/68 3/3/3 102/112/105
f 102/112/105 91/93/89 70/71/68
f 102/112/105 3/3/3 2/2/2
f 2/2/2 29/113/106 102/112/105
f 66/67/64 67/68/65 69/70/67
f 69/70/67 103/114/107 66/67/64
f 78/79/76 30/30/29 67/68/65
f 24/24/23 26/26/25 67/68/65
f 67/68/65 30/30/29 24/24/23
f 31/31/30 8/8/8 24/24/23
f 8/8/8 7/7/7 24/24/23
f 58/59/56 81/83/79 79/80/77
f 79/80/77 9/58/9 58/59/56
f 10/81/10 79/80/77 100/115/99
f 100/115/99 79/80/77 81/83/79
f 81/83/79 104/116/108 100/115/99
f 86/88/84 66/67/64 103/114/107
f 80/82/78 58/59/56 105/117/78
f 105/117/78 58/59/56 59/60/57
f 59/60/57 106/118/78 105/117/78
f 106/118/78 59/60/57 107/119/84
f 107/119/84 59/60/57 82/84/80
f 101/120/109 51/121/110 108/122/111
f 108/122/111 82/123/112 101/120/109
f 85/124/113 109/125/114 18/126/115
f 18/126/115 21/127/115 85/124/113
f 86/128/116 110/129/116 109/125/114
f 109/125/114 85/124/113 86/128/116
f 103/130/117 111/131/117 110/129/116
f 110/129/116 86/128/116 103/130/117
f 69/132/118 112/133/118 111/131/117
f 111/131/117 103/130/117 69/132/118
f 68/134/119 113/135/119 112/133/118
f 112/133/118 69/132/118 68/134/119
f 88/136/120 114/137/120 113/135/119
f 113/135/119 68/134/119 88/136/120
f 90/138/121 28/139/121 115/140/122
f 115/140/122 89/141/122 90/138/121
f 89/141/122 115/140/122 114/137/120
f 114/137/120 88/136/120 89/141/122
f 82/123/112 108/122/111 116/142/123
f 116/142/123 107/143/123 82/123/112
f 107/143/123 116/142/123 117/144/124
f 117/144/124 106/145/125 107/143/123
f 106/145/125 117/144/124 118/146/126
f 118/146/126 105/147/126 106/145/125
f 105/147/126 118/146/126 119/148/127
f 119/148/127 80/149/128 105/147/126
f 81/150/129 120/151/130 53/152/131
f 53/152/131 104/153/132 81/150/129
f 80/149/128 119/148/127 120/151/130
f 120/151/130 81/150/129 80/149/128
f 19/19/19 18/18/18 121/154/133
f 42/42/40 51/51/49 101/155/40
f 101/155/40 41/41/20 42/42/40
f 92/156/134 91/157/135 28/28/27
f 28/28/27 90/158/136 92/156/134
f 28/28/27 102/159/137 29/29/28
f 102/159/137 28/28/27 91/157/135
f 54/54/52 53/53/51 122/160/138
f 53/161/139 120/162/139 119/163/139
f 119/163/107 118/164/107 117/165/107
f 53/161/140 119/163/140 117/165/140
f 117/165/78 116/166/78 108/167/78
f 53/161/141 117/165/141 108/167/141
f 51/168/142 53/161/142 108/167/142
f 53/53/51 51/51/49 50/50/48
f 50/50/48 122/160/138 53/53/51
f 28/28/27 27/27/26 121/154/133
f 121/154/133 18/18/18 28/28/27
f 18/169/143 109/170/143 110/171/143
f 110/171/78 111/172/78 112/173/78
f 112/173/107 113/174/107 114/175/107
f 110/171/107 112/173/107 114/175/107
f 18/169/107 110/171/107 114/175/107
f 28/176/107 18/169/107 114/175/107
f 115/177/107 28/176/107 114/175/107
f 100/178/144 104/179/145 53/53/51
f 53/53/51 52/52/50 100/178/144
f 123/180/146 124/181/147 125/182/148
f 125/182/148 126/183/149 123/180/146
f 127/184/150 124/181/147 123/180/146
f 123/180/146 128/185/151 127/184/150
f 129/186/152 128/185/151 123/180/146
f 123/180/146 126/183/149 129/186/152
f 130/187/153 131/188/154 132/189/155
f 132/189/155 133/190/156 130/187/153
f 134/191/157 133/192/158 132/193/159
f 132/193/159 125/194/160 134/191/157
f 133/190/156 134/195/161 129/186/152
f 129/186/152 130/187/153 133/190/156
f 131/188/154 126/183/149 125/182/148
f 125/182/148 132/189/155 131/188/154
f 130/187/153 129/186/152 126/183/149
f 126/183/149 131/188/154 130/187/153
f 127/196/162 134/191/157 125/194/160
f 125/194/160 124/197/163 127/196/162
f 127/196/150 135/198/164 136/199/165
f 136/199/165 134/191/161 127/196/150
f 134/195/161 136/200/165 137/201/166
f 137/201/166 129/186/152 134/195/161
f 129/186/152 137/201/166 138/202/167
f 138/202/167 128/185/151 129/186/152
f 128/185/151 138/202/167 135/203/164
f 135/203/164 127/184/150 128/185/151
f 22/22/21 23/23/22 139/204/168
f 139/204/168 140/205/169 22/22/21
f 139/204/168 23/23/22 31/31/30
f 31/31/30 141/206/170 139/204/168
f 23/23/22 8/8/8 31/31/30
f 142/207/170 31/31/30 36/36/35
f 31/31/30 142/207/170 141/206/170
f 46/46/44 143/208/171 44/44/42
f 72/73/70 47/47/45 144/209/172
f 145/210/173 44/44/42 143/208/171
f 143/208/171 144/209/172 145/210/173
f 44/44/42 146/211/174 45/45/43
f 95/97/93 45/45/43 147/212/175
f 147/212/175 148/213/176 95/97/93
f 147/212/175 45/45/43 149/214/177
f 45/45/43 146/211/174 150/215/178
f 150/215/178 149/214/177 45/45/43
f 146/211/174 44/44/42 145/210/173
f 145/210/173 151/216/179 146/211/174
f 151/216/179 145/210/173 152/217/180
f 152/217/180 153/218/181 151/216/179
f 145/210/173 144/209/172 152/217/180
f 153/218/181 152/217/180 47/47/45
f 47/47/45 57/57/55 154/219/182
f 153/218/181 47/47/45 154/219/182
f 152/217/180 144/209/172 47/47/45
f 37/37/36 75/76/73 155/220/183
f 155/220/183 38/38/37 37/37/36
f 1/221/1 156/222/184 157/223/185
f 157/223/185 2/224/2 1/221/1
f 5/225/5 158/226/186 159/227/187
f 159/227/187 6/228/6 5/225/5
f 160/229/188 161/230/189 162/231/190
f 162/231/190 163/232/191 160/229/188
f 164/233/192 165/234/193 166/235/194
f 167/236/195 164/233/192 166/235/194
f 168/237/196 167/236/195 166/235/194
f 169/238/197 170/239/20 171/240/19
f 171/240/19 19/241/19 169/238/197
f 22/242/21 172/243/198 158/226/186
f 158/226/186 5/225/5 22/242/21
f 173/244/199 174/245/200 175/246/201
f 27/247/26 29/248/28 176/249/202
f 173/244/199 177/250/203 178/251/204
f 179/252/205 34/253/33 33/254/32
f 179/252/205 33/254/32 165/234/193
f 179/252/205 165/234/193 164/233/192
f 180/255/206 167/236/195 168/237/196
f 177/250/203 180/255/206 168/237/196
f 177/250/203 168/237/196 181/256/207
f 165/234/193 182/257/208 183/258/209
f 165/234/193 183/258/209 184/259/210
f 165/234/193 184/259/210 185/260/211
f 165/234/193 185/260/211 166/235/194
f 186/261/19 42/262/40 19/241/19
f 19/241/19 171/240/19 186/261/19
f 43/263/41 182/257/208 165/234/193
f 165/234/193 33/254/32 43/263/41
f 182/257/208 187/264/212 188/265/213
f 182/257/208 188/265/213 189/266/214
f 183/258/209 182/257/208 189/266/214
f 190/267/215 191/268/216 192/269/217
f 50/270/48 42/262/40 193/271/218
f 194/272/219 54/273/52 195/274/220
f 196/275/221 191/268/216 190/267/215
f 196/275/221 190/267/215 197/276/222
f 196/275/221 197/276/222 198/277/223
f 160/278/188 199/279/224 192/269/217
f 192/269/217 191/268/216 160/278/188
f 200/280/225 201/281/226 202/282/227
f 202/282/227 203/283/228 200/280/225
f 201/281/226 204/284/229 205/285/230
f 205/285/230 202/282/227 201/281/226
f 204/284/229 206/286/231 207/287/232
f 207/287/232 205/285/230 204/284/229
f 208/288/233 209/289/234 210/290/235
f 210/290/235 174/245/200 208/288/233
f 157/223/185 156/222/184 211/291/236
f 211/291/236 212/292/237 157/223/185
f 190/267/215 192/269/217 203/283/228
f 203/283/228 213/293/238 190/267/215
f 203/283/228 202/282/227 214/294/239
f 214/294/239 215/295/240 203/283/228
f 214/294/239 202/282/227 216/296/241
f 205/285/230 207/287/232 217/297/242
f 211/291/236 156/222/184 159/227/187
f 208/288/233 207/287/232 206/286/231
f 207/287/232 208/288/233 218/298/243
f 203/283/228 192/269/217 199/279/224
f 199/279/224 200/280/225 203/283/228
f 160/278/188 163/299/191 219/300/244
f 199/279/224 220/301/245 221/302/246
f 222/303/247 223/304/248 201/281/226
f 201/281/226 200/280/225 222/303/247
f 223/304/248 224/305/249 204/284/229
f 204/284/229 201/281/226 223/304/248
f 224/305/249 225/306/250 206/286/231
f 206/286/231 204/284/229 224/305/249
f 206/286/231 225/306/250 226/307/251
f 211/291/236 175/246/201 227/308/252
f 227/308/252 212/292/237 211/291/236
f 156/222/184 1/221/1 6/228/6
f 6/228/6 159/227/187 156/222/184
f 210/290/235 228/309/253 175/246/201
f 175/246/201 174/245/200 210/290/235
f 229/310/254 227/308/252 175/246/201
f 175/246/201 228/309/253 229/310/254
f 229/310/254 230/311/255 227/308/252
f 227/308/252 231/312/256 232/313/257
f 227/308/252 230/311/255 231/312/256
f 177/250/203 181/256/207 178/251/204
f 233/314/258 217/297/242 218/298/243
f 218/298/243 234/315/259 233/314/258
f 234/315/259 218/298/243 181/256/207
f 181/256/207 168/237/196 234/315/259
f 181/256/207 218/298/243 178/251/204
f 182/257/208 43/263/41 95/316/93
f 95/316/93 187/264/212 182/257/208
f 198/277/223 97/317/95 96/318/94
f 96/318/94 196/275/221 198/277/223
f 98/319/96 162/231/190 161/230/189
f 161/230/189 99/320/97 98/319/96
f 191/321/216 196/322/221 161/230/189
f 161/230/189 160/229/188 191/321/216
f 194/323/260 235/324/261 163/232/191
f 163/232/191 162/231/190 194/323/260
f 54/325/100 194/323/260 162/231/190
f 162/231/190 98/319/96 54/325/100
f 196/322/221 96/326/94 99/320/97
f 99/320/97 161/230/189 196/322/221
f 236/327/262 186/328/263 223/304/248
f 223/304/248 222/303/247 236/327/262
f 186/328/263 171/329/264 224/305/249
f 224/305/249 223/304/248 186/328/263
f 171/329/264 170/330/265 225/306/250
f 225/306/250 224/305/249 171/329/264
f 159/227/187 173/244/199 175/246/201
f 175/246/201 211/291/236 159/227/187
f 227/308/252 232/313/257 212/292/237
f 212/292/237 232/313/257 237/331/266
f 237/331/266 157/223/185 212/292/237
f 237/331/266 29/332/106 2/224/2
f 2/224/2 157/223/185 237/331/266
f 206/286/231 238/333/267 209/289/234
f 209/289/234 208/288/233 206/286/231
f 218/298/243 208/288/233 178/251/204
f 173/244/199 178/251/204 208/288/233
f 208/288/233 174/245/200 173/244/199
f 177/250/203 173/244/199 158/226/186
f 158/226/186 173/244/199 159/227/187
f 199/279/224 160/278/188 219/300/244
f 219/300/244 220/301/245 199/279/224
f 163/299/191 235/334/261 219/300/244
f 235/334/261 239/335/268 220/301/245
f 220/301/245 219/300/244 235/334/261
f 226/307/251 238/333/267 206/286/231
f 221/302/246 240/336/246 199/279/224
f 240/336/246 241/337/246 200/280/225
f 200/280/225 199/279/224 240/336/246
f 241/337/246 242/338/251 200/280/225
f 242/338/251 222/303/247 200/280/225
f 236/339/110 222/340/269 243/341/270
f 243/341/270 193/342/109 236/339/110
f 225/343/271 170/344/272 169/345/272
f 169/345/272 244/346/273 225/343/271
f 226/347/274 225/343/271 244/346/273
f 244/346/273 245/348/274 226/347/274
f 238/349/275 226/347/274 245/348/274
f 245/348/274 246/350/275 238/349/275
f 209/351/276 238/349/275 246/350/275
f 246/350/275 247/352/276 209/351/276
f 210/353/277 209/351/276 247/352/276
f 247/352/276 248/354/277 210/353/277
f 228/355/278 210/353/277 248/354/277
f 248/354/277 249/356/278 228/355/278
f 230/357/279 229/358/280 250/359/280
f 250/359/280 176/360/279 230/357/279
f 229/358/280 228/355/278 249/356/278
f 249/356/278 250/359/280 229/358/280
f 222/340/269 242/361/281 251/362/281
f 251/362/281 243/341/270 222/340/269
f 242/361/281 241/363/124 252/364/125
f 252/364/125 251/362/281 242/361/281
f 241/363/124 240/365/282 253/366/282
f 253/366/282 252/364/125 241/363/124
f 240/365/282 221/367/283 254/368/284
f 254/368/284 253/366/282 240/365/282
f 220/369/285 239/370/286 195/371/287
f 195/371/287 255/372/288 220/369/285
f 221/367/283 220/369/285 255/372/288
f 255/372/288 254/368/284 221/367/283
f 19/241/19 121/373/133 169/238/197
f 42/262/40 186/261/19 236/374/289
f 236/374/289 193/271/218 42/262/40
f 231/375/290 230/376/291 176/249/202
f 176/249/202 232/377/292 231/375/290
f 176/249/202 29/248/28 237/378/293
f 237/378/293 232/377/292 176/249/202
f 54/273/52 122/379/138 195/274/220
f 243/380/246 251/381/246 252/382/246
f 252/382/267 253/383/267 254/384/267
f 254/384/294 255/385/294 195/386/294
f 252/382/295 254/384/295 195/386/295
f 243/380/296 252/382/296 195/386/296
f 193/387/297 243/380/297 195/386/297
f 195/274/220 122/379/138 50/270/48
f 50/270/48 193/271/218 195/274/220
f 176/249/202 169/238/197 121/373/133
f 121/373/133 27/247/26 176/249/202
f 249/388/267 248/389/267 247/390/267
f 247/390/246 246/391/246 245/392/246
f 249/388/267 247/390/267 245/392/267
f 245/392/298 244/393/298 169/394/298
f 249/388/267 245/392/267 169/394/267
f 249/388/267 169/394/267 176/395/267
f 250/396/267 249/388/267 176/395/267
f 235/397/299 194/272/219 195/274/220
f 195/274/220 239/398/300 235/397/299
f 256/399/301 257/400/302 258/401/303
f 258/401/303 259/402/304 256/399/301
f 260/403/305 261/404/306 256/399/301
f 256/399/301 259/402/304 260/403/305
f 262/405/307 257/400/302 256/399/301
f 256/399/301 261/404/306 262/405/307
f 263/406/308 264/407/309 265/408/310
f 265/408/310 266/409/311 263/406/308
f 267/410/312 258/411/313 265/412/314
f 265/412/314 264/413/315 267/410/312
f 264/407/309 263/406/308 262/405/307
f 262/405/307 267/414/316 264/407/309
f 266/409/311 265/408/310 258/401/303
f 258/401/303 257/400/302 266/409/311
f 263/406/308 266/409/311 257/400/302
f 257/400/302 262/405/307 263/406/308
f 260/415/317 259/416/318 258/411/313
f 258/411/313 267/410/312 260/415/317
f 260/415/305 267/410/316 268/417/319
f 268/417/319 269/418/320 260/415/305
f 267/414/316 262/405/307 270/419/321
f 270/419/321 268/420/319 267/414/316
f 262/405/307 261/404/306 271/421/322
f 271/421/322 270/419/321 262/405/307
f 261/404/306 260/403/305 269/422/320
f 269/422/320 271/421/322 261/404/306
f 22/242/21 140/423/169 272/424/323
f 272/424/323 172/243/198 22/242/21
f 272/424/323 273/425/324 177/250/203
f 177/250/203 172/243/198 272/424/323
f 172/243/198 177/250/203 158/226/186
f 274/426/324 180/255/206 177/250/203
f 177/250/203 273/425/324 274/426/324
f 189/266/214 188/265/213 275/427/325
f 276/428/326 190/267/215 213/293/238
f 275/427/325 188/265/213 277/429/327
f 277/429/327 276/428/326 275/427/325
f 188/265/213 187/264/212 278/430/328
f 95/316/93 148/431/176 279/432/329
f 279/432/329 187/264/212 95/316/93
f 279/432/329 280/433/330 187/264/212
f 187/264/212 280/433/330 281/434/331
f 281/434/331 278/430/328 187/264/212
f 278/430/328 282/435/332 277/429/327
f 277/429/327 188/265/213 278/430/328
f 282/435/332 283/436/333 284/437/334
f 284/437/334 277/429/327 282/435/332
f 277/429/327 284/437/334 276/428/326
f 285/438/335 197/276/222 190/267/215
f 283/436/333 285/438/335 190/267/215
f 283/436/333 190/267/215 284/437/334
f 284/437/334 190/267/215 276/428/326
f 185/260/211 184/259/210 216/296/241
f 216/296/241 286/439/336 185/260/211
f 205/285/230 287/440/337 286/439/336
f 202/282/227 205/285/230 286/439/336
f 286/439/336 216/296/241 202/282/227
f 61/62/59 74/75/72 155/220/183
f 61/62/59 155/220/183 75/76/73
f 75/76/73 63/64/61 61/62/59
f 47/47/45 72/73/70 60/61/58
f 60/61/58 48/48/46 47/47/45
f 203/283/228 215/295/240 213/293/238
f 207/287/232 218/298/243 217/297/242
f 217/297/242 287/440/337 205/285/230
f 63/64/61 76/77/74 77/78/75
f 77/78/75 65/66/63 63/64/61
g Hybrid_Interior
usemtl Hybrid_Interior
f 288/441/338 289/442/339 290/443/340
f 290/443/340 291/444/341 288/441/338
f 291/444/341 290/443/340 292/445/342
f 292/445/342 293/446/343 291/444/341
f 294/447/344 295/448/345 296/449/346
f 296/449/346 297/450/347 294/447/344
f 298/451/348 299/452/349 300/453/350
f 300/453/350 301/454/351 298/451/348
f 302/455/352 303/456/353 304/457/354
f 304/457/354 305/458/355 302/455/352
f 301/454/351 300/453/350 306/459/356
f 306/459/356 307/460/357 301/454/351
f 307/460/357 306/459/356 308/461/358
f 308/461/358 309/462/359 307/460/357
f 309/462/359 308/461/358 310/463/360
f 310/463/360 311/464/361 309/462/359
f 312/465/362 313/466/363 289/442/339
f 289/442/339 288/441/338 312/465/362
f 311/464/361 310/463/360 313/467/363
f 313/467/363 312/468/362 311/464/361
f 314/469/364 315/470/365 303/471/353
f 303/471/353 302/472/352 314/469/364
f 316/473/366 317/474/367 315/470/365
f 315/470/365 314/469/364 316/473/366
f 297/450/347 296/449/346 317/474/367
f 317/474/367 316/473/366 297/450/347
f 293/446/343 292/445/342 299/475/349
f 299/475/349 298/476/348 293/446/343
f 305/458/355 304/457/354 318/477/368
f 318/477/368 319/478/369 305/458/355
f 320/479/370 321/480/371 295/448/345
f 295/448/345 294/447/344 320/479/370
f 319/481/369 318/482/368 321/480/371
f 321/480/371 320/479/370 319/481/369
f 299/452/349 322/483/372 323/484/373
f 323/484/373 300/453/350 299/452/349
f 303/456/353 324/485/374 325/486/375
f 325/486/375 304/457/354 303/456/353
f 300/453/350 323/484/373 326/487/376
f 326/487/376 306/459/356 300/453/350
f 304/457/354 325/486/375 322/483/372
f 322/483/372 318/477/368 304/457/354
f 322/483/372 327/488/377 328/489/378
f 328/489/378 323/484/373 322/483/372
f 323/484/373 328/489/378 329/490/379
f 329/490/379 326/487/376 323/484/373
f 325/486/375 330/491/380 322/483/372
f 331/492/381 330/491/380 325/486/375
f 325/486/375 332/493/382 331/492/381
f 333/494/383 334/495/384 330/491/380
f 330/491/380 331/492/381 333/494/383
f 327/488/377 322/483/372 330/491/380
f 330/491/380 334/495/384 327/488/377
f 325/486/375 324/485/374 335/496/385
f 335/496/385 332/493/382 325/486/375
f 335/496/385 324/485/374 336/497/386
f 336/497/386 337/498/387 335/496/385
f 337/499/387 336/500/386 338/501/388
f 338/501/388 339/502/389 337/499/387
f 339/502/389 338/501/388 340/503/390
f 317/474/367 296/449/346 341/504/391
f 341/504/391 315/470/365 317/474/367
f 342/505/392 343/506/393 344/507/394
f 344/507/394 345/508/395 342/505/392
f 345/508/395 344/507/394 346/509/396
f 346/509/396 347/510/397 345/508/395
f 347/510/397 346/509/396 348/511/398
f 348/511/398 349/512/399 347/510/397
f 349/512/399 348/511/398 350/513/400
f 350/513/400 351/514/401 349/512/399
f 351/515/401 350/516/400 352/517/402
f 352/517/402 353/518/403 351/515/401
f 353/518/403 352/517/402 354/519/404
f 354/519/404 355/520/405 353/518/403
f 355/520/405 354/519/404 356/521/406
f 356/521/406 357/522/407 355/520/405
f 358/523/408 359/524/409 360/525/410
f 360/525/410 361/526/411 358/523/408
f 361/526/411 360/525/410 362/527/412
f 362/527/412 363/528/413 361/526/411
f 326/487/376 360/525/410 306/459/356
f 360/525/410 326/487/376 329/490/379
f 329/490/379 362/527/412 360/525/410
f 343/506/393 364/529/414 365/530/415
f 365/530/415 344/507/394 343/506/393
f 344/507/394 365/530/415 366/531/416
f 366/531/416 346/509/396 344/507/394
f 346/509/396 366/531/416 348/511/398
f 364/529/414 367/532/417 368/533/418
f 368/533/418 365/530/415 364/529/414
f 365/530/415 368/533/418 369/534/419
f 369/534/419 366/531/416 365/530/415
f 367/535/417 370/536/420 371/537/421
f 371/537/421 368/538/418 367/535/417
f 368/538/418 371/537/421 372/539/422
f 372/539/422 369/540/419 368/538/418
f 370/536/420 373/541/423 374/542/424
f 374/542/424 371/537/421 370/536/420
f 371/537/421 375/543/425 376/544/426
f 376/544/426 372/539/422 371/537/421
f 373/541/423 377/545/427 378/546/428
f 378/546/428 374/542/424 373/541/423
f 375/543/425 378/546/428 379/547/429
f 379/547/429 376/544/426 375/543/425
f 380/548/430 378/546/428 377/545/427
f 377/545/427 381/549/430 380/548/430
f 382/550/431 379/547/429 378/546/428
f 378/546/428 380/548/430 382/550/431
f 378/546/428 375/543/425 374/542/424
f 374/542/424 375/543/425 371/537/421
f 366/531/416 369/534/419 372/551/422
f 366/531/416 372/551/422 376/552/426
f 379/553/429 366/531/416 376/552/426
f 366/531/416 379/553/429 348/511/398
f 350/513/400 348/511/398 379/553/429
f 379/553/429 382/554/431 350/513/400
f 313/467/363 350/516/400 382/555/431
f 352/517/402 350/516/400 313/467/363
f 313/467/363 310/463/360 352/517/402
f 354/519/404 352/517/402 310/463/360
f 310/463/360 308/461/358 354/519/404
f 356/521/406 354/519/404 308/461/358
f 308/461/358 306/459/356 356/521/406
f 360/525/410 359/524/409 306/459/356
f 290/443/340 383/556/432 384/557/433
f 384/557/433 385/558/434 290/443/340
f 290/443/340 385/558/434 386/559/435
f 386/559/435 292/445/342 290/443/340
f 295/448/345 387/560/436 388/561/437
f 388/561/437 296/449/346 295/448/345
f 321/480/371 389/562/438 387/560/436
f 387/560/436 295/448/345 321/480/371
f 390/563/439 388/561/437 391/564/440
f 386/559/435 389/562/438 321/480/371
f 321/480/371 292/445/342 386/559/435
f 318/482/368 299/475/349 292/445/342
f 292/445/342 321/480/371 318/482/368
f 322/483/372 299/452/349 318/477/368
f 392/565/441 393/566/442 385/567/434
f 385/567/434 384/568/433 392/565/441
f 393/566/442 394/569/443 386/570/435
f 386/570/435 385/567/434 393/566/442
f 395/571/441 396/572/444 388/573/437
f 388/573/437 387/574/436 395/571/441
f 397/575/441 395/571/441 387/574/436
f 387/574/436 389/576/438 397/575/441
f 388/573/437 396/572/444 398/577/445
f 398/577/445 391/578/440 388/573/437
f 394/569/443 397/575/441 389/576/438
f 389/576/438 386/570/435 394/569/443
f 357/522/407 356/521/406 359/524/409
f 359/524/409 358/523/408 357/522/407
f 303/471/353 315/470/365 336/579/386
f 324/485/374 303/456/353 336/497/386
f 336/500/386 399/580/446 400/581/447
f 400/581/447 338/501/388 336/500/386
f 338/501/388 400/581/447 401/582/448
f 401/582/448 340/503/390 338/501/388
f 340/503/390 401/582/448 402/583/449
f 402/583/449 403/584/450 340/503/390
f 403/584/450 402/583/449 404/585/451
f 404/585/451 405/586/452 403/584/450
f 315/470/365 399/587/446 336/579/386
f 341/588/391 390/589/439 406/590/453
f 406/590/453 407/591/454 341/588/391
f 407/591/454 406/590/453 408/592/455
f 408/592/455 409/593/456 407/591/454
f 409/593/456 408/592/455 410/594/457
f 410/594/457 411/595/458 409/593/456
f 411/595/458 410/594/457 412/596/459
f 390/597/439 413/598/460 414/599/461
f 414/599/461 406/600/453 390/597/439
f 406/600/453 414/599/461 415/601/462
f 415/601/462 408/602/455 406/600/453
f 408/602/455 415/601/462 416/603/463
f 416/603/463 410/604/457 408/602/455
f 410/604/457 416/603/463 417/605/464
f 417/605/464 418/606/465 410/604/457
f 413/598/460 391/607/440 419/608/466
f 419/608/466 414/599/461 413/598/460
f 414/599/461 419/608/466 420/609/467
f 420/609/467 415/601/462 414/599/461
f 415/601/462 420/609/467 421/610/468
f 421/610/468 416/603/463 415/601/462
f 416/603/463 421/610/468 398/611/445
f 398/611/445 417/605/464 416/603/463
f 296/449/346 388/561/437 390/563/439
f 390/563/439 341/504/391 296/449/346
f 390/563/439 391/564/440 413/612/460
f 421/613/468 420/614/467 419/615/466
f 398/577/445 421/613/468 419/615/466
f 391/578/440 398/577/445 419/615/466
f 407/616/454 400/581/447 399/580/446
f 399/580/446 341/617/391 407/616/454
f 409/618/456 401/582/448 400/581/447
f 400/581/447 407/616/454 409/618/456
f 411/619/458 402/583/449 401/582/448
f 401/582/448 409/618/456 411/619/458
f 399/587/446 315/470/365 341/504/391
f 422/620/469 404/585/451 402/583/449
f 402/583/449 412/621/459 422/620/469
f 412/596/459 410/594/457 418/622/465
f 418/622/465 422/623/469 412/596/459
f 423/624/470 384/557/433 383/556/432
f 382/625/431 383/556/432 289/442/339
f 289/442/339 313/466/363 382/625/431
f 383/556/432 290/443/340 289/442/339
f 380/548/430 381/549/430 424/626/471
f 424/626/471 425/627/472 380/548/430
f 382/550/431 380/548/430 425/627/472
f 425/627/472 423/628/470 382/550/431
f 383/556/432 382/625/431 423/624/470
f 426/629/473 427/630/474 428/631/475
f 428/631/475 429/632/476 426/629/473
f 430/633/477 431/634/478 432/635/479
f 432/635/479 433/636/480 430/633/477
f 432/635/479 431/634/478 434/637/481
f 434/637/481 435/638/482 432/635/479
f 436/639/483 437/640/484 438/641/485
f 438/641/485 439/642/486 436/639/483
f 440/643/487 441/644/488 442/645/489
f 442/645/489 443/646/490 440/643/487
f 444/647/491 445/648/492 446/649/493
f 446/649/493 447/650/494 444/647/491
f 446/649/493 445/648/492 448/651/495
f 448/651/495 449/652/496 446/649/493
f 450/653/497 451/654/498 437/640/484
f 437/640/484 436/639/483 450/653/497
f 452/655/499 453/656/500 441/644/488
f 441/644/488 440/643/487 452/655/499
f 449/652/496 454/657/501 455/658/502
f 447/650/494 446/649/493 456/659/503
f 456/659/503 457/660/504 447/650/494
f 427/630/474 426/629/473 433/636/480
f 433/636/480 432/635/479 427/630/474
f 456/659/503 446/649/493 449/652/496
f 449/652/496 458/661/505 456/659/503
f 435/638/482 428/631/475 427/630/474
f 427/630/474 432/635/479 435/638/482
f 459/662/477 460/663/506 445/648/492
f 445/648/492 444/647/491 459/662/477
f 445/648/492 460/663/506 461/664/507
f 461/664/507 448/651/495 445/648/492
f 457/660/504 456/659/503 431/634/478
f 431/634/478 430/633/477 457/660/504
f 431/634/478 456/659/503 458/661/505
f 458/661/505 434/637/481 431/634/478
f 436/639/483 439/642/486 462/665/508
f 462/665/508 455/658/502 436/639/483
f 450/653/497 436/639/483 455/658/502
f 455/658/502 454/657/501 450/653/497
f 440/643/487 443/646/490 438/641/485
f 438/641/485 437/640/484 440/643/487
f 452/655/499 440/643/487 437/640/484
f 437/640/484 451/654/498 452/655/499
f 443/646/490 442/645/489 463/666/509
f 463/666/509 464/667/510 443/646/490
f 443/646/490 464/667/510 438/641/485
f 438/641/485 464/667/510 465/668/511
f 448/651/495 461/664/507 454/657/501
f 454/657/501 449/652/496 448/651/495
f 455/658/502 462/665/508 434/637/481
f 434/637/481 458/661/505 449/652/496
f 434/637/481 449/652/496 455/658/502
f 435/638/482 434/637/481 462/665/508
f 438/641/485 465/668/511 439/642/486
f 439/642/486 465/668/511 466/669/512
f 466/669/512 462/665/508 439/642/486
f 462/665/508 466/669/512 428/631/475
f 428/631/475 435/638/482 462/665/508
f 467/670/513 468/671/514 469/672/515
f 469/672/515 470/673/516 467/670/513
f 468/671/514 467/670/513 471/674/517
f 471/674/517 472/675/518 468/671/514
f 467/670/513 470/673/516 473/676/519
f 473/676/519 471/674/517 467/670/513
f 474/677/520 475/678/521 472/675/518
f 472/675/518 471/674/517 474/677/520
f 476/679/522 475/680/521 474/681/520
f 474/681/520 477/682/523 476/679/522
f 474/677/520 471/674/517 473/676/519
f 473/676/519 477/683/523 474/677/520
f 478/684/524 470/673/516 469/672/515
f 469/672/515 479/685/525 478/684/524
f 479/685/525 480/686/526 481/687/527
f 481/687/527 478/684/524 479/685/525
f 478/684/524 481/687/527 473/676/519
f 473/676/519 470/673/516 478/684/524
f 482/688/528 481/687/527 480/686/526
f 480/686/526 483/689/529 482/688/528
f 476/679/522 477/682/523 482/690/528
f 482/690/528 483/691/529 476/679/522
f 482/688/528 477/683/523 473/676/519
f 473/676/519 481/687/527 482/688/528
f 469/672/515 468/671/514 484/692/530
f 484/692/530 485/693/531 469/672/515
f 472/675/518 475/678/521 486/694/532
f 486/694/532 487/695/533 472/675/518
f 468/671/514 472/675/518 487/695/533
f 487/695/533 484/692/530 468/671/514
f 475/680/521 476/679/522 488/696/534
f 488/696/534 486/697/532 475/680/521
f 479/685/525 469/672/515 485/693/531
f 485/693/531 489/698/535 479/685/525
f 480/686/526 479/685/525 489/698/535
f 489/698/535 490/699/536 480/686/526
f 476/679/522 483/691/529 491/700/537
f 491/700/537 488/696/534 476/679/522
f 483/689/529 480/686/526 490/699/536
f 490/699/536 491/701/537 483/689/529
f 485/702/531 484/703/530 487/704/533
f 487/704/533 492/705/538 485/702/531
f 489/706/535 485/702/531 492/705/538
f 492/705/538 490/707/536 489/706/535
f 492/705/538 487/704/533 486/697/532
f 486/697/532 488/696/534 492/705/538
f 490/707/536 492/705/538 488/696/534
f 488/696/534 491/700/537 490/707/536
f 493/708/539 494/709/540 495/710/541
f 496/711/542 497/712/543 498/713/544
f 498/713/544 495/714/541 496/711/542
f 499/715/545 493/708/539 495/710/541
f 495/710/541 498/716/544 499/715/545
f 500/717/546 501/718/547 502/719/548
f 502/719/548 503/720/549 500/717/546
f 504/721/550 500/717/546 503/720/549
f 503/720/549 494/722/540 504/721/550
f 494/709/540 503/723/549 505/724/551
f 505/724/551 495/710/541 494/709/540
f 495/714/541 505/725/551 506/726/552
f 506/726/552 496/711/542 495/714/541
f 503/723/549 502/727/548 505/724/551
f 507/728/553 508/729/554 509/730/555
f 509/730/555 510/731/556 507/728/553
f 505/725/551 507/728/553 510/731/556
f 510/731/556 506/726/552 505/725/551
f 501/718/547 509/730/555 508/729/554
f 508/729/554 502/719/548 501/718/547
f 502/727/548 508/732/554 507/733/553
f 507/733/553 505/724/551 502/727/548
f 497/712/543 511/734/443 512/735/557
f 512/735/557 498/713/544 497/712/543
f 498/716/544 512/736/557 513/737/545
f 513/737/545 499/715/545 498/716/544
f 514/738/558 515/739/559 516/740/560
f 516/740/560 517/741/561 514/738/558
f 518/742/562 519/743/563 520/744/564
f 520/744/564 521/745/565 518/742/562
f 515/739/559 514/738/558 522/746/566
f 522/746/566 523/747/567 515/739/559
f 514/738/558 517/741/561 524/748/568
f 524/748/568 522/746/566 514/738/558
f 525/749/569 526/750/570 527/751/571
f 527/751/571 519/743/563 525/749/569
f 519/743/563 527/751/571 528/752/572
f 528/752/572 520/744/564 519/743/563
f 520/744/564 528/752/572 529/753/573
f 529/753/573 530/754/574 520/744/564
f 531/755/575 530/754/574 529/753/573
f 529/753/573 532/756/576 531/755/575
f 515/739/559 523/747/567 526/750/570
f 526/750/570 525/749/569 515/739/559
f 518/742/562 525/749/569 519/743/563
f 533/757/577 534/758/578 535/759/579
f 535/759/579 536/760/580 533/757/577
f 537/761/581 538/762/582 539/763/583
f 540/764/584 537/761/581 539/763/583
f 536/760/580 540/764/584 539/763/583
f 541/765/585 537/761/581 523/766/567
f 523/766/567 522/767/566 541/765/585
f 526/768/570 540/764/584 536/760/580
f 536/760/580 527/769/571 526/768/570
f 527/769/571 536/760/580 535/759/579
f 535/759/579 528/770/572 527/769/571
f 535/759/579 534/758/578 529/771/573
f 529/771/573 528/770/572 535/759/579
f 534/758/578 533/757/577 532/772/576
f 532/772/576 529/771/573 534/758/578
f 537/761/581 540/764/584 526/768/570
f 526/768/570 523/766/567 537/761/581
f 518/742/562 521/745/565 542/773/586
f 542/773/586 543/774/587 518/742/562
f 530/754/574 531/755/575 521/745/565
f 521/745/565 520/744/564 530/754/574
f 521/745/565 531/755/575 544/775/588
f 521/745/565 544/775/588 545/776/589
f 521/745/565 545/776/589 542/773/586
f 546/777/590 547/778/591 548/779/592
f 548/779/592 533/757/577 546/777/590
f 549/780/593 550/781/594 551/782/595
f 551/782/595 552/783/596 549/780/593
f 553/784/597 549/785/593 552/786/596
f 552/786/596 554/787/598 553/784/597
f 546/777/590 555/788/599 556/789/600
f 556/789/600 547/778/591 546/777/590
f 531/755/575 557/790/601 558/791/602
f 558/791/602 544/775/588 531/755/575
f 556/789/600 559/792/603 560/793/604
f 560/793/604 547/778/591 556/789/600
f 558/791/602 557/790/601 561/794/605
f 561/794/605 560/795/604 558/791/602
f 548/779/592 547/778/591 560/793/604
f 560/793/604 561/796/605 548/779/592
f 532/772/576 533/757/577 550/781/594
f 550/781/594 549/780/593 532/772/576
f 533/757/577 548/779/592 551/782/595
f 551/782/595 550/781/594 533/757/577
f 548/779/592 561/796/605 552/783/596
f 552/783/596 551/782/595 548/779/592
f 561/794/605 557/790/601 554/787/598
f 554/787/598 552/786/596 561/794/605
f 557/790/601 531/755/575 553/784/597
f 553/784/597 554/787/598 557/790/601
f 531/755/575 532/756/576 549/785/593
f 549/785/593 553/784/597 531/755/575
f 538/762/582 537/761/581 541/765/585
f 541/765/585 562/797/606 538/762/582
f 546/777/590 533/757/577 536/760/580
f 555/788/599 546/777/590 536/760/580
f 555/788/599 536/760/580 539/763/583
f 515/739/559 525/749/569 518/742/562
f 515/739/559 518/742/562 543/774/587
f 516/740/560 515/739/559 543/774/587
f 541/765/585 522/767/566 524/798/568
f 524/798/568 562/797/606 541/765/585
f 544/775/588 558/791/602 563/799/607
f 563/799/607 545/776/589 544/775/588
f 563/799/607 558/791/602 560/795/604
f 560/795/604 559/800/603 563/799/607
f 564/801/608 517/741/561 516/740/560
f 516/740/560 565/802/609 564/801/608
f 566/803/610 567/804/611 568/805/612
f 568/805/612 569/806/613 566/803/610
f 565/802/609 570/807/614 571/808/615
f 571/808/615 564/801/608 565/802/609
f 564/801/608 571/808/615 524/748/568
f 524/748/568 517/741/561 564/801/608
f 572/809/616 569/806/613 573/810/617
f 573/810/617 574/811/618 572/809/616
f 569/806/613 568/805/612 575/812/619
f 575/812/619 573/810/617 569/806/613
f 568/805/612 576/813/620 577/814/621
f 577/814/621 575/812/619 568/805/612
f 578/815/622 579/816/623 577/814/621
f 577/814/621 576/813/620 578/815/622
f 565/802/609 572/809/616 574/811/618
f 574/811/618 570/807/614 565/802/609
f 566/803/610 569/806/613 572/809/616
f 580/817/624 581/818/625 582/819/626
f 582/819/626 583/820/627 580/817/624
f 539/763/583 538/762/582 584/821/628
f 539/763/583 584/821/628 585/822/629
f 581/818/625 539/763/583 585/822/629
f 586/823/630 571/824/615 570/825/614
f 570/825/614 584/821/628 586/823/630
f 574/826/618 573/827/617 581/818/625
f 581/818/625 585/822/629 574/826/618
f 573/827/617 575/828/619 582/819/626
f 582/819/626 581/818/625 573/827/617
f 582/819/626 575/828/619 577/829/621
f 577/829/621 583/820/627 582/819/626
f 583/820/627 577/829/621 579/830/623
f 579/830/623 580/817/624 583/820/627
f 584/821/628 570/825/614 574/826/618
f 574/826/618 585/822/629 584/821/628
f 566/803/610 543/774/587 542/773/586
f 542/773/586 567/804/611 566/803/610
f 576/813/620 568/805/612 567/804/611
f 567/804/611 578/815/622 576/813/620
f 567/804/611 542/773/586 545/776/589
f 567/804/611 545/776/589 587/831/631
f 567/804/611 587/831/631 578/815/622
f 588/832/632 580/817/624 589/833/633
f 589/833/633 590/834/634 588/832/632
f 591/835/635 592/836/636 593/837/637
f 593/837/637 594/838/638 591/835/635
f 595/839/639 596/840/640 592/841/636
f 592/841/636 591/842/635 595/839/639
f 588/832/632 590/834/634 556/789/600
f 556/789/600 555/788/599 588/832/632
f 578/815/622 587/831/631 597/843/641
f 597/843/641 598/844/642 578/815/622
f 556/789/600 590/834/634 599/845/643
f 599/845/643 559/792/603 556/789/600
f 597/843/641 599/846/643 600/847/644
f 600/847/644 598/844/642 597/843/641
f 589/833/633 600/848/644 599/845/643
f 599/845/643 590/834/634 589/833/633
f 579/830/623 591/835/635 594/838/638
f 594/838/638 580/817/624 579/830/623
f 580/817/624 594/838/638 593/837/637
f 593/837/637 589/833/633 580/817/624
f 589/833/633 593/837/637 592/836/636
f 592/836/636 600/848/644 589/833/633
f 600/847/644 592/841/636 596/840/640
f 596/840/640 598/844/642 600/847/644
f 598/844/642 596/840/640 595/839/639
f 595/839/639 578/815/622 598/844/642
f 578/815/622 595/839/639 591/842/635
f 591/842/635 579/816/623 578/815/622
f 538/762/582 562/797/606 586/823/630
f 586/823/630 584/821/628 538/762/582
f 555/788/599 539/763/583 581/818/625
f 581/818/625 580/817/624 588/832/632
f 555/788/599 581/818/625 588/832/632
f 566/803/610 572/809/616 565/802/609
f 543/774/587 566/803/610 565/802/609
f 516/740/560 543/774/587 565/802/609
f 586/823/630 562/797/606 524/798/568
f 524/798/568 571/824/615 586/823/630
f 587/831/631 545/776/589 563/799/607
f 563/799/607 597/843/641 587/831/631
f 563/799/607 559/800/603 599/846/643
f 599/846/643 597/843/641 563/799/607
f 412/621/459 402/583/449 411/619/458
f 306/459/356 359/524/409 356/521/406
f 601/849/645 602/850/646 603/851/647
f 603/851/647 604/852/648 601/849/645
f 602/850/646 605/853/649 606/854/650
f 606/854/650 603/851/647 602/850/646
f 607/855/651 608/856/652 609/857/653
f 609/857/653 610/858/654 607/855/651
f 611/859/655 612/860/656 613/861/657
f 613/861/657 614/862/658 611/859/655
f 615/863/659 616/864/660 617/865/661
f 617/865/661 618/866/662 615/863/659
f 612/860/656 619/867/663 620/868/664
f 620/868/664 613/861/657 612/860/656
f 619/867/663 621/869/665 622/870/666
f 622/870/666 620/868/664 619/867/663
f 621/869/665 623/871/667 624/872/668
f 624/872/668 622/870/666 621/869/665
f 625/873/669 601/849/645 604/852/648
f 604/852/648 626/874/670 625/873/669
f 623/871/667 625/875/669 626/876/670
f 626/876/670 624/872/668 623/871/667
f 627/877/671 615/878/659 618/879/662
f 618/879/662 628/880/672 627/877/671
f 629/881/673 627/877/671 628/880/672
f 628/880/672 630/882/674 629/881/673
f 608/856/652 629/881/673 630/882/674
f 630/882/674 609/857/653 608/856/652
f 605/853/649 611/883/655 614/884/658
f 614/884/658 606/854/650 605/853/649
f 616/864/660 631/885/675 632/886/676
f 632/886/676 617/865/661 616/864/660
f 633/887/677 607/855/651 610/858/654
f 610/858/654 634/888/678 633/887/677
f 631/889/675 633/887/677 634/888/678
f 634/888/678 632/890/676 631/889/675
f 614/862/658 613/861/657 635/891/679
f 635/891/679 636/892/680 614/862/658
f 618/866/662 617/865/661 637/893/681
f 637/893/681 638/894/682 618/866/662
f 613/861/657 620/868/664 639/895/683
f 639/895/683 635/891/679 613/861/657
f 617/865/661 632/886/676 636/892/680
f 636/892/680 637/893/681 617/865/661
f 636/892/680 635/891/679 328/896/378
f 328/896/378 327/897/377 636/892/680
f 635/891/679 639/895/683 329/898/379
f 329/898/379 328/896/378 635/891/679
f 637/893/681 636/892/680 640/899/684
f 641/900/685 642/901/686 637/893/681
f 637/893/681 640/899/684 641/900/685
f 333/902/383 641/900/685 640/899/684
f 640/899/684 334/903/384 333/902/383
f 327/897/377 334/903/384 640/899/684
f 640/899/684 636/892/680 327/897/377
f 637/893/681 642/901/686 643/904/687
f 643/904/687 638/894/682 637/893/681
f 643/904/687 644/905/688 645/906/689
f 645/906/689 638/894/682 643/904/687
f 644/907/688 646/908/690 647/909/691
f 647/909/691 645/910/689 644/907/688
f 646/908/690 648/911/692 647/909/691
f 630/882/674 628/880/672 649/912/693
f 649/912/693 609/857/653 630/882/674
f 342/913/392 650/914/694 651/915/695
f 651/915/695 343/916/393 342/913/392
f 650/914/694 652/917/696 653/918/697
f 653/918/697 651/915/695 650/914/694
f 652/917/696 654/919/698 655/920/699
f 655/920/699 653/918/697 652/917/696
f 654/919/698 656/921/700 657/922/701
f 657/922/701 655/920/699 654/919/698
f 656/923/700 658/924/702 659/925/703
f 659/925/703 657/926/701 656/923/700
f 658/924/702 660/927/704 661/928/705
f 661/928/705 659/925/703 658/924/702
f 660/927/704 662/929/706 663/930/707
f 663/930/707 661/928/705 660/927/704
f 664/931/708 665/932/709 666/933/710
f 666/933/710 667/934/711 664/931/708
f 665/932/709 363/935/413 362/936/412
f 362/936/412 666/933/710 665/932/709
f 639/895/683 620/868/664 666/933/710
f 666/933/710 362/936/412 329/898/379
f 329/898/379 639/895/683 666/933/710
f 343/916/393 651/915/695 668/937/712
f 668/937/712 364/938/414 343/916/393
f 651/915/695 653/918/697 669/939/713
f 669/939/713 668/937/712 651/915/695
f 653/918/697 655/920/699 669/939/713
f 364/938/414 668/937/712 670/940/714
f 670/940/714 367/941/417 364/938/414
f 668/937/712 669/939/713 671/942/715
f 671/942/715 670/940/714 668/937/712
f 367/943/417 670/944/714 672/945/716
f 672/945/716 370/946/420 367/943/417
f 670/944/714 671/947/715 673/948/717
f 673/948/717 672/945/716 670/944/714
f 370/946/420 672/945/716 674/949/718
f 674/949/718 373/950/423 370/946/420
f 672/945/716 673/948/717 675/951/719
f 675/951/719 676/952/720 672/945/716
f 373/950/423 674/949/718 677/953/721
f 677/953/721 377/954/427 373/950/423
f 676/952/720 675/951/719 678/955/722
f 678/955/722 677/953/721 676/952/720
f 679/956/723 381/957/430 377/954/427
f 377/954/427 677/953/721 679/956/723
f 680/958/724 679/956/723 677/953/721
f 677/953/721 678/955/722 680/958/724
f 677/953/721 674/949/718 676/952/720
f 674/949/718 672/945/716 676/952/720
f 669/939/713 673/959/717 671/942/715
f 669/939/713 675/960/719 673/959/717
f 678/961/722 675/960/719 669/939/713
f 669/939/713 655/920/699 678/961/722
f 657/922/701 680/962/724 678/961/722
f 678/961/722 655/920/699 657/922/701
f 626/876/670 680/963/724 657/926/701
f 659/925/703 624/872/668 626/876/670
f 626/876/670 657/926/701 659/925/703
f 661/928/705 622/870/666 624/872/668
f 624/872/668 659/925/703 661/928/705
f 663/930/707 620/868/664 622/870/666
f 622/870/666 661/928/705 663/930/707
f 666/933/710 620/868/664 667/934/711
f 603/851/647 681/964/725 682/965/726
f 682/965/726 683/966/727 603/851/647
f 603/851/647 606/854/650 684/967/728
f 684/967/728 681/964/725 603/851/647
f 610/858/654 609/857/653 685/968/729
f 685/968/729 686/969/730 610/858/654
f 634/888/678 610/858/654 686/969/730
f 686/969/730 687/970/731 634/888/678
f 688/971/732 689/972/733 685/968/729
f 684/967/728 606/854/650 634/888/678
f 634/888/678 687/970/731 684/967/728
f 632/890/676 634/888/678 606/854/650
f 606/854/650 614/884/658 632/890/676
f 636/892/680 632/886/676 614/862/658
f 392/973/441 682/974/726 681/975/725
f 681/975/725 393/976/442 392/973/441
f 393/976/442 681/975/725 684/977/728
f 684/977/728 394/978/443 393/976/442
f 395/979/441 686/980/730 685/981/729
f 685/981/729 396/982/444 395/979/441
f 397/983/441 687/984/731 686/980/730
f 686/980/730 395/979/441 397/983/441
f 685/981/729 689/985/733 398/986/445
f 398/986/445 396/982/444 685/981/729
f 394/978/443 684/977/728 687/984/731
f 687/984/731 397/983/441 394/978/443
f 662/929/706 664/931/708 667/934/711
f 667/934/711 663/930/707 662/929/706
f 618/879/662 645/987/689 628/880/672
f 638/894/682 645/906/689 618/866/662
f 645/910/689 647/909/691 690/988/734
f 690/988/734 691/989/735 645/910/689
f 647/909/691 648/911/692 692/990/736
f 692/990/736 690/988/734 647/909/691
f 648/911/692 693/991/737 694/992/738
f 694/992/738 692/990/736 648/911/692
f 693/991/737 405/993/452 404/994/451
f 404/994/451 694/992/738 693/991/737
f 628/880/672 645/987/689 691/995/735
f 649/996/693 695/997/739 696/998/740
f 696/998/740 688/999/732 649/996/693
f 695/997/739 697/1000/741 698/1001/742
f 698/1001/742 696/998/740 695/997/739
f 697/1000/741 699/1002/743 700/1003/744
f 700/1003/744 698/1001/742 697/1000/741
f 699/1002/743 701/1004/745 700/1003/744
f 688/1005/732 696/1006/740 702/1007/746
f 702/1007/746 703/1008/747 688/1005/732
f 696/1006/740 698/1009/742 704/1010/748
f 704/1010/748 702/1007/746 696/1006/740
f 698/1009/742 700/1011/744 705/1012/749
f 705/1012/749 704/1010/748 698/1009/742
f 700/1011/744 418/1013/465 417/1014/464
f 417/1014/464 705/1012/749 700/1011/744
f 703/1008/747 702/1007/746 706/1015/750
f 706/1015/750 689/1016/733 703/1008/747
f 702/1007/746 704/1010/748 707/1017/751
f 707/1017/751 706/1015/750 702/1007/746
f 704/1010/748 705/1012/749 708/1018/752
f 708/1018/752 707/1017/751 704/1010/748
f 705/1012/749 417/1014/464 398/1019/445
f 398/1019/445 708/1018/752 705/1012/749
f 609/857/653 649/912/693 688/971/732
f 688/971/732 685/968/729 609/857/653
f 688/971/732 703/1020/747 689/972/733
f 706/1021/750 707/1022/751 708/1023/752
f 706/1021/750 708/1023/752 398/986/445
f 689/985/733 706/1021/750 398/986/445
f 695/1024/739 649/1025/693 691/989/735
f 691/989/735 690/988/734 695/1024/739
f 697/1026/741 695/1024/739 690/988/734
f 690/988/734 692/990/736 697/1026/741
f 699/1027/743 697/1026/741 692/990/736
f 692/990/736 694/992/738 699/1027/743
f 691/995/735 649/912/693 628/880/672
f 422/1028/469 701/1029/745 694/992/738
f 694/992/738 404/994/451 422/1028/469
f 701/1004/745 422/1030/469 418/1031/465
f 418/1031/465 700/1003/744 701/1004/745
f 709/1032/753 683/966/727 682/965/726
f 680/1033/724 626/874/670 604/852/648
f 604/852/648 683/966/727 680/1033/724
f 683/966/727 604/852/648 603/851/647
f 679/956/723 710/1034/754 424/1035/471
f 424/1035/471 381/957/430 679/956/723
f 680/958/724 709/1036/753 710/1034/754
f 710/1034/754 679/956/723 680/958/724
f 683/966/727 709/1032/753 680/1033/724
f 711/1037/755 712/1038/756 713/1039/757
f 713/1039/757 714/1040/758 711/1037/755
f 715/1041/759 716/1042/760 717/1043/761
f 717/1043/761 718/1044/762 715/1041/759
f 717/1043/761 719/1045/763 720/1046/764
f 720/1046/764 718/1044/762 717/1043/761
f 721/1047/765 722/1048/766 723/1049/767
f 723/1049/767 724/1050/768 721/1047/765
f 725/1051/769 726/1052/770 727/1053/771
f 727/1053/771 728/1054/772 725/1051/769
f 729/1055/773 730/1056/774 731/1057/775
f 731/1057/775 732/1058/776 729/1055/773
f 731/1057/775 733/1059/777 734/1060/778
f 734/1060/778 732/1058/776 731/1057/775
f 450/1061/497 721/1047/765 724/1050/768
f 724/1050/768 451/1062/498 450/1061/497
f 452/1063/499 725/1051/769 728/1054/772
f 728/1054/772 453/1064/500 452/1063/499
f 733/1059/777 735/1065/779 454/1066/501
f 730/1056/774 736/1067/780 737/1068/781
f 737/1068/781 731/1057/775 730/1056/774
f 714/1040/758 717/1043/761 716/1042/760
f 716/1042/760 711/1037/755 714/1040/758
f 737/1068/781 738/1069/782 733/1059/777
f 733/1059/777 731/1057/775 737/1068/781
f 719/1045/763 717/1043/761 714/1040/758
f 714/1040/758 713/1039/757 719/1045/763
f 459/1070/477 729/1055/773 732/1058/776
f 732/1058/776 460/1071/506 459/1070/477
f 732/1058/776 734/1060/778 461/1072/507
f 461/1072/507 460/1071/506 732/1058/776
f 736/1067/780 715/1041/759 718/1044/762
f 718/1044/762 737/1068/781 736/1067/780
f 718/1044/762 720/1046/764 738/1069/782
f 738/1069/782 737/1068/781 718/1044/762
f 721/1047/765 735/1065/779 739/1073/783
f 739/1073/783 722/1048/766 721/1047/765
f 450/1061/497 454/1066/501 735/1065/779
f 735/1065/779 721/1047/765 450/1061/497
f 725/1051/769 724/1050/768 723/1049/767
f 723/1049/767 726/1052/770 725/1051/769
f 452/1063/499 451/1062/498 724/1050/768
f 724/1050/768 725/1051/769 452/1063/499
f 726/1052/770 740/1074/784 741/1075/785
f 741/1075/785 727/1053/771 726/1052/770
f 726/1052/770 723/1049/767 740/1074/784
f 723/1049/767 742/1076/786 740/1074/784
f 734/1060/778 454/1066/501 461/1072/507
f 454/1066/501 734/1060/778 733/1059/777
f 735/1065/779 720/1046/764 739/1073/783
f 720/1046/764 733/1059/777 738/1069/782
f 720/1046/764 735/1065/779 733/1059/777
f 719/1045/763 739/1073/783 720/1046/764
f 723/1049/767 722/1048/766 742/1076/786
f 722/1048/766 739/1073/783 743/1077/787
f 743/1077/787 742/1076/786 722/1048/766
f 739/1073/783 719/1045/763 713/1039/757
f 713/1039/757 743/1077/787 739/1073/783
f 744/1078/524 745/1079/788 746/1080/789
f 746/1080/789 747/1081/790 744/1078/524
f 747/1081/790 748/1082/791 749/1083/527
f 749/1083/527 744/1078/524 747/1081/790
f 744/1078/524 749/1083/527 750/1084/792
f 750/1084/792 745/1079/788 744/1078/524
f 751/1085/528 749/1083/527 748/1082/791
f 748/1082/791 752/1086/793 751/1085/528
f 753/1087/794 754/1088/523 751/1089/528
f 751/1089/528 752/1090/793 753/1087/794
f 751/1085/528 754/1091/523 750/1084/792
f 750/1084/792 749/1083/527 751/1085/528
f 755/1092/513 756/1093/795 746/1080/789
f 746/1080/789 745/1079/788 755/1092/513
f 756/1093/795 755/1092/513 757/1094/517
f 757/1094/517 758/1095/796 756/1093/795
f 755/1092/513 745/1079/788 750/1084/792
f 750/1084/792 757/1094/517 755/1092/513
f 759/1096/520 760/1097/797 758/1095/796
f 758/1095/796 757/1094/517 759/1096/520
f 753/1087/794 760/1098/797 759/1099/520
f 759/1099/520 754/1088/523 753/1087/794
f 759/1096/520 757/1094/517 750/1084/792
f 750/1084/792 754/1091/523 759/1096/520
f 746/1080/789 761/1100/798 762/1101/799
f 762/1101/799 747/1081/790 746/1080/789
f 748/1082/791 763/1102/800 764/1103/801
f 764/1103/801 752/1086/793 748/1082/791
f 747/1081/790 762/1101/799 763/1102/800
f 763/1102/800 748/1082/791 747/1081/790
f 752/1090/793 764/1104/801 765/1105/802
f 765/1105/802 753/1087/794 752/1090/793
f 756/1093/795 766/1106/803 761/1100/798
f 761/1100/798 746/1080/789 756/1093/795
f 758/1095/796 767/1107/804 766/1106/803
f 766/1106/803 756/1093/795 758/1095/796
f 753/1087/794 765/1105/802 768/1108/805
f 768/1108/805 760/1098/797 753/1087/794
f 760/1097/797 768/1109/805 767/1107/804
f 767/1107/804 758/1095/796 760/1097/797
f 761/1110/798 769/1111/806 763/1112/800
f 763/1112/800 762/1113/799 761/1110/798
f 766/1114/803 767/1115/804 769/1111/806
f 769/1111/806 761/1110/798 766/1114/803
f 769/1111/806 765/1105/802 764/1104/801
f 764/1104/801 763/1112/800 769/1111/806
f 767/1115/804 768/1108/805 765/1105/802
f 765/1105/802 769/1111/806 767/1115/804
f 770/1116/807 771/1117/808 772/1118/809
f 496/1119/542 771/1120/808 773/1121/810
f 773/1121/810 497/1122/543 496/1119/542
f 774/1123/811 773/1124/810 771/1117/808
f 771/1117/808 770/1116/807 774/1123/811
f 500/1125/546 775/1126/812 776/1127/813
f 776/1127/813 501/1128/547 500/1125/546
f 504/1129/550 772/1130/809 775/1126/812
f 775/1126/812 500/1125/546 504/1129/550
f 772/1118/809 771/1117/808 777/1131/814
f 777/1131/814 775/1132/812 772/1118/809
f 771/1120/808 496/1119/542 506/1133/552
f 506/1133/552 777/1134/814 771/1120/808
f 775/1132/812 777/1131/814 776/1135/813
f 778/1136/815 510/1137/556 509/1138/555
f 509/1138/555 779/1139/816 778/1136/815
f 777/1134/814 506/1133/552 510/1137/556
f 510/1137/556 778/1136/815 777/1134/814
f 501/1128/547 776/1127/813 779/1139/816
f 779/1139/816 509/1138/555 501/1128/547
f 776/1135/813 777/1131/814 778/1140/815
f 778/1140/815 779/1141/816 776/1135/813
f 497/1122/543 773/1121/810 780/1142/817
f 780/1142/817 511/1143/443 497/1122/543
f 773/1124/810 774/1123/811 781/1144/811
f 781/1144/811 780/1145/817 773/1124/810
f 782/1146/608 783/1147/561 784/1148/560
f 784/1148/560 785/1149/609 782/1146/608
f 786/1150/610 787/1151/611 788/1152/612
f 788/1152/612 789/1153/613 786/1150/610
f 785/1149/609 790/1154/614 791/1155/615
f 791/1155/615 782/1146/608 785/1149/609
f 782/1146/608 791/1155/615 792/1156/568
f 792/1156/568 783/1147/561 782/1146/608
f 793/1157/616 789/1153/613 794/1158/617
f 794/1158/617 795/1159/618 793/1157/616
f 789/1153/613 788/1152/612 796/1160/619
f 796/1160/619 794/1158/617 789/1153/613
f 788/1152/612 797/1161/620 798/1162/621
f 798/1162/621 796/1160/619 788/1152/612
f 799/1163/622 800/1164/623 798/1162/621
f 798/1162/621 797/1161/620 799/1163/622
f 785/1149/609 793/1157/616 795/1159/618
f 795/1159/618 790/1154/614 785/1149/609
f 786/1150/610 789/1153/613 793/1157/616
f 801/1165/624 802/1166/625 803/1167/626
f 803/1167/626 804/1168/627 801/1165/624
f 805/1169/583 806/1170/582 807/1171/628
f 805/1169/583 807/1171/628 808/1172/629
f 802/1166/625 805/1169/583 808/1172/629
f 809/1173/630 791/1174/615 790/1175/614
f 790/1175/614 807/1171/628 809/1173/630
f 795/1176/618 794/1177/617 802/1166/625
f 802/1166/625 808/1172/629 795/1176/618
f 794/1177/617 796/1178/619 803/1167/626
f 803/1167/626 802/1166/625 794/1177/617
f 803/1167/626 796/1178/619 798/1179/621
f 798/1179/621 804/1168/627 803/1167/626
f 804/1168/627 798/1179/621 800/1180/623
f 800/1180/623 801/1165/624 804/1168/627
f 807/1171/628 790/1175/614 795/1176/618
f 795/1176/618 808/1172/629 807/1171/628
f 786/1150/610 810/1181/587 811/1182/586
f 811/1182/586 787/1151/611 786/1150/610
f 797/1161/620 788/1152/612 787/1151/611
f 787/1151/611 799/1163/622 797/1161/620
f 787/1151/611 811/1182/586 812/1183/589
f 787/1151/611 812/1183/589 813/1184/631
f 787/1151/611 813/1184/631 799/1163/622
f 814/1185/632 801/1165/624 815/1186/633
f 815/1186/633 816/1187/634 814/1185/632
f 817/1188/635 818/1189/636 819/1190/637
f 819/1190/637 820/1191/638 817/1188/635
f 821/1192/639 822/1193/640 818/1194/636
f 818/1194/636 817/1195/635 821/1192/639
f 814/1185/632 816/1187/634 823/1196/818
f 823/1196/818 824/1197/599 814/1185/632
f 799/1163/622 813/1184/631 825/1198/641
f 825/1198/641 826/1199/642 799/1163/622
f 823/1196/818 816/1187/634 827/1200/643
f 827/1200/643 828/1201/603 823/1196/818
f 825/1198/641 827/1202/643 829/1203/644
f 829/1203/644 826/1199/642 825/1198/641
f 815/1186/633 829/1204/644 827/1200/643
f 827/1200/643 816/1187/634 815/1186/633
f 800/1180/623 817/1188/635 820/1191/638
f 820/1191/638 801/1165/624 800/1180/623
f 801/1165/624 820/1191/638 819/1190/637
f 819/1190/637 815/1186/633 801/1165/624
f 815/1186/633 819/1190/637 818/1189/636
f 818/1189/636 829/1204/644 815/1186/633
f 829/1203/644 818/1194/636 822/1193/640
f 822/1193/640 826/1199/642 829/1203/644
f 826/1199/642 822/1193/640 821/1192/639
f 821/1192/639 799/1163/622 826/1199/642
f 799/1163/622 821/1192/639 817/1195/635
f 817/1195/635 800/1164/623 799/1163/622
f 806/1170/582 830/1205/606 809/1173/630
f 809/1173/630 807/1171/628 806/1170/582
f 824/1197/599 805/1169/583 802/1166/625
f 802/1166/625 801/1165/624 814/1185/632
f 824/1197/599 802/1166/625 814/1185/632
f 786/1150/610 793/1157/616 785/1149/609
f 810/1181/587 786/1150/610 785/1149/609
f 784/1148/560 810/1181/587 785/1149/609
f 809/1173/630 830/1205/606 792/1206/568
f 792/1206/568 791/1174/615 809/1173/630
f 813/1184/631 812/1183/589 831/1207/607
f 831/1207/607 825/1198/641 813/1184/631
f 831/1207/607 828/1208/603 827/1202/643
f 827/1202/643 825/1198/641 831/1207/607
f 832/1209/558 833/1210/559 784/1148/560
f 784/1148/560 783/1147/561 832/1209/558
f 834/1211/562 835/1212/563 836/1213/564
f 836/1213/564 837/1214/565 834/1211/562
f 833/1210/559 832/1209/558 838/1215/566
f 838/1215/566 839/1216/567 833/1210/559
f 832/1209/558 783/1147/561 792/1156/568
f 792/1156/568 838/1215/566 832/1209/558
f 840/1217/569 841/1218/570 842/1219/571
f 842/1219/571 835/1212/563 840/1217/569
f 835/1212/563 842/1219/571 843/1220/572
f 843/1220/572 836/1213/564 835/1212/563
f 836/1213/564 843/1220/572 844/1221/573
f 844/1221/573 845/1222/574 836/1213/564
f 846/1223/575 845/1222/574 844/1221/573
f 844/1221/573 847/1224/576 846/1223/575
f 833/1210/559 839/1216/567 841/1218/570
f 841/1218/570 840/1217/569 833/1210/559
f 834/1211/562 840/1217/569 835/1212/563
f 848/1225/577 849/1226/578 850/1227/579
f 850/1227/579 851/1228/580 848/1225/577
f 852/1229/581 806/1170/582 805/1169/583
f 853/1230/584 852/1229/581 805/1169/583
f 851/1228/580 853/1230/584 805/1169/583
f 854/1231/585 852/1229/581 839/1232/567
f 839/1232/567 838/1233/566 854/1231/585
f 841/1234/570 853/1230/584 851/1228/580
f 851/1228/580 842/1235/571 841/1234/570
f 842/1235/571 851/1228/580 850/1227/579
f 850/1227/579 843/1236/572 842/1235/571
f 850/1227/579 849/1226/578 844/1237/573
f 844/1237/573 843/1236/572 850/1227/579
f 849/1226/578 848/1225/577 847/1238/576
f 847/1238/576 844/1237/573 849/1226/578
f 852/1229/581 853/1230/584 841/1234/570
f 841/1234/570 839/1232/567 852/1229/581
f 834/1211/562 837/1214/565 811/1182/586
f 811/1182/586 810/1181/587 834/1211/562
f 845/1222/574 846/1223/575 837/1214/565
f 837/1214/565 836/1213/564 845/1222/574
f 837/1214/565 846/1223/575 855/1239/588
f 837/1214/565 855/1239/588 812/1183/589
f 837/1214/565 812/1183/589 811/1182/586
f 856/1240/590 857/1241/591 858/1242/592
f 858/1242/592 848/1225/577 856/1240/590
f 859/1243/593 860/1244/594 861/1245/595
f 861/1245/595 862/1246/596 859/1243/593
f 863/1247/597 859/1248/593 862/1249/596
f 862/1249/596 864/1250/598 863/1247/597
f 856/1240/590 824/1197/599 823/1196/818
f 823/1196/818 857/1241/591 856/1240/590
f 846/1223/575 865/1251/601 866/1252/602
f 866/1252/602 855/1239/588 846/1223/575
f 823/1196/818 828/1201/603 867/1253/604
f 867/1253/604 857/1241/591 823/1196/818
f 866/1252/602 865/1251/601 868/1254/605
f 868/1254/605 867/1255/604 866/1252/602
f 858/1242/592 857/1241/591 867/1253/604
f 867/1253/604 868/1256/605 858/1242/592
f 847/1238/576 848/1225/577 860/1244/594
f 860/1244/594 859/1243/593 847/1238/576
f 848/1225/577 858/1242/592 861/1245/595
f 861/1245/595 860/1244/594 848/1225/577
f 858/1242/592 868/1256/605 862/1246/596
f 862/1246/596 861/1245/595 858/1242/592
f 868/1254/605 865/1251/601 864/1250/598
f 864/1250/598 862/1249/596 868/1254/605
f 865/1251/601 846/1223/575 863/1247/597
f 863/1247/597 864/1250/598 865/1251/601
f 846/1223/575 847/1224/576 859/1248/593
f 859/1248/593 863/1247/597 846/1223/575
f 806/1170/582 852/1229/581 854/1231/585
f 854/1231/585 830/1205/606 806/1170/582
f 856/1240/590 848/1225/577 851/1228/580
f 824/1197/599 856/1240/590 851/1228/580
f 824/1197/599 851/1228/580 805/1169/583
f 833/1210/559 840/1217/569 834/1211/562
f 833/1210/559 834/1211/562 810/1181/587
f 784/1148/560 833/1210/559 810/1181/587
f 854/1231/585 838/1233/566 792/1206/568
f 792/1206/568 830/1205/606 854/1231/585
f 855/1239/588 866/1252/602 831/1207/607
f 831/1207/607 812/1183/589 855/1239/588
f 831/1207/607 866/1252/602 867/1255/604
f 867/1255/604 828/1208/603 831/1207/607
f 701/1029/745 699/1027/743 694/992/738
f 620/868/664 663/930/707 667/934/711
f 869/1257/819 870/1258/820 871/1259/821
f 871/1259/821 872/1260/822 869/1257/819
f 872/1260/822 871/1259/821 873/1261/823
f 873/1261/823 874/1262/824 872/1260/822
f 874/1262/824 873/1261/823 875/1263/825
f 875/1263/825 876/1264/826 874/1262/824
f 876/1264/826 875/1263/825 877/1265/827
f 877/1265/827 878/1266/828 876/1264/826
f 878/1266/828 877/1265/827 879/1267/829
f 879/1267/829 880/1268/829 878/1266/828
f 880/1268/829 879/1267/829 881/1269/830
f 881/1269/830 882/1270/831 880/1268/829
f 872/1271/832 874/1272/833 876/1273/832
f 869/1274/833 872/1271/832 876/1273/832
f 876/1273/832 878/1275/833 880/1276/833
f 869/1274/833 876/1273/832 880/1276/833
f 882/1277/833 869/1274/833 880/1276/833
f 869/1278/819 883/1279/834 884/1280/835
f 884/1280/835 870/1281/820 869/1278/819
f 883/1279/834 885/1282/836 886/1283/837
f 886/1283/837 884/1280/835 883/1279/834
f 885/1282/836 887/1284/838 888/1285/839
f 888/1285/839 886/1283/837 885/1282/836
f 887/1284/838 889/1286/840 890/1287/841
f 890/1287/841 888/1285/839 887/1284/838
f 889/1286/840 891/1288/842 892/1289/842
f 892/1289/842 890/1287/841 889/1286/840
f 891/1288/842 882/1290/831 881/1291/830
f 881/1291/830 892/1289/842 891/1288/842
f 891/1292/832 889/1293/832 887/1294/833
f 887/1294/833 885/1295/832 883/1296/833
f 887/1294/833 883/1296/833 869/1297/833
f 891/1292/832 887/1294/833 869/1297/833
f 882/1298/833 891/1292/832 869/1297/833
f 893/1299/843 894/1300/843 895/1301/843
f 895/1301/843 896/1302/843 893/1299/843
f 897/1303/844 898/1304/844 899/1305/844
f 899/1305/844 900/1306/844 897/1303/844
f 893/1299/845 896/1302/845 898/1304/845
f 898/1304/845 897/1303/845 893/1299/845
f 896/1302/846 895/1301/846 899/1305/846
f 899/1305/846 898/1304/846 896/1302/846
f 895/1301/847 894/1300/847 900/1306/847
f 900/1306/847 899/1305/847 895/1301/847
f 894/1300/848 893/1299/848 897/1303/848
f 897/1303/848 900/1306/848 894/1300/848
f 901/1307/845 902/1308/845 903/1309/845
f 903/1309/845 904/1310/845 901/1307/845
f 902/1308/846 905/1311/846 906/1312/846
f 906/1312/846 903/1309/846 902/1308/846
f 905/1311/847 907/1313/847 908/1314/847
f 908/1314/847 906/1312/847 905/1311/847
f 907/1313/848 901/1307/848 904/1310/848
f 904/1310/848 908/1314/848 907/1313/848
f 909/1315/843 910/1316/843 911/1317/843
f 911/1317/843 912/1318/843 909/1315/843
f 913/1319/844 914/1320/844 915/1321/844
f 915/1321/844 916/1322/844 913/1319/844
f 909/1315/845 912/1318/845 914/1320/845
f 914/1320/845 913/1319/845 909/1315/845
f 912/1318/846 911/1317/846 915/1321/846
f 915/1321/846 914/1320/846 912/1318/846
f 911/1317/847 910/1316/847 916/1322/847
f 916/1322/847 915/1321/847 911/1317/847
f 910/1316/848 909/1315/848 913/1319/848
f 913/1319/848 916/1322/848 910/1316/848
f 917/1323/845 918/1324/845 919/1325/845
f 919/1325/845 920/1326/845 917/1323/845
f 918/1324/846 921/1327/846 922/1328/846
f 922/1328/846 919/1325/846 918/1324/846
f 921/1327/847 923/1329/847 924/1330/847
f 924/1330/847 922/1328/847 921/1327/847
f 923/1329/848 917/1323/848 920/1326/848
f 920/1326/848 924/1330/848 923/1329/848
g Hybrid_Windows
usemtl Windows
f 925/1331/849 926/1332/850 926/1333/851
f 926/1333/851 927/1334/852 925/1331/849
f 928/1335/853 929/1336/854 930/1337/855
f 930/1337/855 931/1338/856 928/1335/853
f 932/1339/857 933/1340/858 934/1341/859
f 932/1339/857 934/1341/859 935/1342/860
f 936/1343/861 932/1339/857 935/1342/860
f 928/1335/853 936/1343/861 935/1342/860
f 935/1342/860 929/1336/854 928/1335/853
f 937/1344/862 938/1345/863 926/1333/851
f 937/1344/862 926/1333/851 926/1332/850
f 939/1346/864 937/1344/862 926/1332/850
f 927/1334/852 940/1347/865 925/1331/849
f 925/1331/849 941/1348/865 939/1346/864
f 939/1346/864 926/1332/850 925/1331/849
f 942/1349/866 943/1350/867 944/1351/868
f 945/1352/869 946/1353/869 947/1354/870
f 947/1354/870 948/1355/871 949/1356/872
f 949/1356/872 950/1357/873 951/1358/874
f 947/1354/870 949/1356/872 951/1358/874
f 945/1352/869 947/1354/870 951/1358/874
f 952/1359/875 945/1352/869 951/1358/874
f 953/1360/876 954/1361/877 955/1362/878
f 956/1363/879 957/1364/880 952/1359/875
f 958/1365/881 956/1363/879 952/1359/875
f 951/1358/874 958/1365/881 952/1359/875
f 959/1366/882 960/1367/883 953/1360/876
f 953/1360/876 961/1368/884 954/1361/877
f 954/1361/877 944/1351/868 943/1350/867
f 943/1350/867 955/1362/878 954/1361/877
f 944/1351/868 962/1369/885 942/1349/866
f 942/1349/866 963/1370/886 943/1350/867
f 964/1371/887 959/1366/882 955/1362/878
f 955/1362/878 943/1350/867 964/1371/887
f 955/1362/878 959/1366/882 953/1360/876
f 965/1372/888 964/1371/887 943/1350/867
f 943/1350/867 963/1370/886 965/1372/888
f 966/1373/889 967/1374/890 968/1375/891
f 968/1375/891 968/1376/892 966/1373/889
f 969/1377/893 970/1378/894 971/1379/895
f 971/1379/895 972/1380/896 969/1377/893
f 973/1381/897 974/1382/898 975/1383/899
f 976/1384/900 973/1381/897 975/1383/899
f 977/1385/901 976/1384/900 975/1383/899
f 969/1377/893 972/1380/896 976/1384/900
f 976/1384/900 977/1385/901 969/1377/893
f 968/1375/891 978/1386/902 979/1387/903
f 968/1376/892 968/1375/891 979/1387/903
f 980/1388/904 968/1376/892 979/1387/903
f 967/1374/890 966/1373/889 981/1389/905
f 966/1373/889 968/1376/892 980/1388/904
f 980/1388/904 982/1390/905 966/1373/889
f 983/1391/906 944/1392/868 984/1393/907
f 985/1394/908 986/1395/909 987/1396/910
f 987/1396/910 988/1397/911 989/1398/912
f 985/1394/908 987/1396/910 989/1398/912
f 989/1398/912 990/1399/913 991/1400/913
f 985/1394/908 989/1398/912 991/1400/913
f 992/1401/914 985/1394/908 991/1400/913
f 993/1402/915 994/1403/916 954/1404/877
f 992/1401/914 995/1405/917 956/1406/879
f 992/1401/914 956/1406/879 958/1407/881
f 985/1394/908 992/1401/914 958/1407/881
f 996/1408/918 993/1402/915 997/1409/919
f 993/1402/915 954/1404/877 961/1410/884
f 954/1404/877 994/1403/916 984/1393/907
f 984/1393/907 944/1392/868 954/1404/877
f 944/1392/868 983/1391/906 962/1411/885
f 983/1391/906 984/1393/907 998/1412/920
f 999/1413/921 984/1393/907 994/1403/916
f 994/1403/916 996/1408/918 999/1413/921
f 994/1403/916 993/1402/915 996/1408/918
f 1000/1414/922 984/1393/907 999/1413/921
f 984/1393/907 1000/1414/922 998/1412/920
